股票简称	申购简称	转债简称
神州高铁	不详	None
神州数码	不详	None
方大集团	深圳方大	None
南玻A	不详	None
深科技	不详	None
北方国际	深圳西林	北方转债
特发信息	特发信息	特发转2
中金岭南	中金岭南	中金转债
中国宝安	不详	None
*ST宜康	科特配售	None
中信海直	中信海直	None
常山北明	常山股份	None
深康佳A	不详	None
深桑达A	不详	None
泛海控股	不详	None
万科A	不详	None
深纺织A	不详	None
盐田港	盐田港	None
深圳能源	不详	None
深赛格	深赛格	None
中洲控股	不详	None
华数传媒	安塑股份	None
深振业A	不详	None
国际实业	国际实业	None
ST星源	不详	None
申万宏源	不详	None
深粮控股	不详	None
中集集团	不详	None
德赛电池	不详	None
深物业A	不详	None
华控赛格	赛格中康	None
深圳华强	深圳华强	None
天健集团	深天健	None
富奥股份	不详	None
吉林化纤	吉林化纤	None
华天酒店	华天酒店	None
山东路桥	不详	None
金融街	华亚纸业	None
美的集团	不详	None
东旭光电	宝石A	None
许继电气	不详	None
徐工机械	不详	None
珠海港	不详	None
*ST沈机	沈阳机床	None
新金路	不详	None
张家界	张家界	None
兴蓉环境	蓝星清洗	None
长虹华意	不详	None
四环生物	不详	None
民生控股	不详	None
万泽股份	不详	None
丽珠集团	不详	None
中兵红箭	不详	None
云南白药	不详	None
佛山照明	不详	None
顺钠股份	不详	None
航天发展	不详	None
金圆股份	不详	None
京粮控股	不详	None
皖能电力	不详	None
泸州老窖	不详	None
绿景退	不详	None
柳工	不详	None
海德股份	不详	None
创元科技	不详	None
湖南投资	不详	None
国际医学	不详	None
苏常柴A	不详	None
穗恒运A	不详	None
新华联	牡石化	None
长航凤凰	不详	None
海马汽车	琼金盘	None
*ST东海A	不详	None
ST红太阳	不详	None
安道麦A	不详	None
广州浪奇	不详	None
*ST顺利	青海明胶	None
渝三峡A	不详	None
远大控股	如意集团	None
西部创业	不详	None
长安汽车	长安汽车	None
ST大洲	不详	None
粤宏远A	粤宏远A	None
太阳能	不详	None
汇源通信	不详	None
甘化科工	不详	None
古井贡酒	不详	None
江铃汽车	不详	None
威孚高科	苏威孚	None
恒立实业	岳阳恒立	None
天茂集团	湖北中天	None
中油资本	不详	None
ST海投	大连渤海	None
吉林敖东	不详	敖东转债
荣丰控股	不详	None
仁和药业	九江化纤	None
高新发展	倍特高新	None
攀钢钒钛	攀钢板材	None
铜陵有色	不详	None
茂化实华	不详	None
格力电器	不详	None
三木集团	不详	None
长春高新	长春高新	None
合金投资	不详	None
金科股份	不详	None
滨海能源	不详	None
阳光城	不详	None
智度股份	不详	None
西王食品	株洲庆云	None
ST金鸿	不详	None
浙江震元	浙江震元	None
贝瑞基因	天兴仪表	None
襄阳轴承	襄阳轴承	None
远兴能源	天然碱	None
美锦能源	天宇电气	美锦转债
视觉中国	苏常远东	None
振华科技	振华科技	None
美好置业	不详	None
东方电子	不详	None
锦龙股份	不详	None
模塑科技	不详	模塑转债
漳州发展	不详	None
国海证券	桂林集琦	None
财信发展	不详	None
山推股份	山推股份	None
厦门信达	不详	None
中广核技	大连国际	None
三湘印象	北商技术	None
冠捷科技	不详	None
*ST盈方	不详	None
中色股份	不详	None
中百集团	武汉中百	None
长江证券	石炼化	长证转债
燕京啤酒	燕京啤酒	None
北方铜业	南风化工	None
京东方A	京东方A	None
甘咨询	三毛派神	None
中航西飞	西飞国际	None
炼石航空	不详	None
美达股份	不详	None
河化股份	河池化工	None
正虹科技	不详	None
山东海化	山东海化	None
盐湖股份	不详	None
河钢股份	唐钢股份	None
中国武夷	不详	None
苏宁环球	吉林纸业	None
冀东装备	唐山陶瓷	None
居然之家	不详	None
鲁西化工	鲁西化工	None
海印股份	茂化永业	海印转债
*ST节能	金城股份	None
潍柴重机	山东巨力	None
本钢板材	本钢板材	本钢转债
山西路桥	不详	None
峨眉山A	峨眉山Ａ	None
顺鑫农业	顺鑫农业	None
北大医药	不详	None
*ST西发	不详	None
中关村	不详	None
城发环境	春都A	None
华神科技	不详	None
湖北能源	三环股份	None
普洛药业	不详	None
陕西金叶	陕西金叶	None
福星股份	湖北川绳	None
中南建设	大连金牛	None
海南高速	海南高速	None
南宁糖业	南宁糖业	None
中水渔业	中水渔业	None
锌业股份	不详	None
中核科技	中核苏阀	None
四川九洲	不详	None
神火股份	神火股份	None
ST新城	不详	None
承德露露	承德露露	None
一汽解放	一汽轿车	None
浩物股份	内江峨柴	None
岳阳兴长	岳阳长兴	None
中通客车	中通客车	None
冀中能源	金牛能源	None
英洛华	太原刚玉	None
首钢股份	首钢股份	None
双汇发展	双汇实业	None
吉电股份	通换吉电	None
华东医药	华东医药	None
新洋丰	中国服装	洋丰转债
航天科技	航天科技　	None
华菱钢铁	华菱管线	None
数源科技	数源科技	None
四川双马	四川双马	None
华西股份	华西村	None
云南铜业	云南铜业	None
华联股份	中商股份	None
ST中嘉	华联商城	None
中科三环	中科三环	None
诚志股份	诚志股份	None
闽东电力	闽东电力	None
海特高新	海特配售	None
山西焦煤	西山煤电	None
浪潮信息	浪潮信息	None
永新股份	永新配售	None
天奇股份	天奇配售	None
威海广泰	威海广泰	None
东信和平	东信配售	None
*ST银亿	兰光科技	None
ST中捷	中捷配售	None
*ST凯瑞	德棉股份	None
华铁股份	春晖股份	None
大庆华科	大庆华科	None
浙江交科	江山化工	交科转债
瑞泰科技	瑞泰科技	None
中泰化学	中泰化学	None
隆平高科	隆平高科	None
宗申动力	不详	None
海翔药业	海翔药业	None
伟星股份	伟星配售	None
鲁阳节能	鲁阳股份	None
中银绒业	圣雪绒	None
莱宝高科	莱宝高科	None
凯恩股份	凯恩配售	None
*ST科华	科华配售	科华转债
中环股份	中环股份	None
紫鑫药业	紫鑫药业	None
协鑫能科	霞客配售	None
*ST雪莱	雪莱特	None
东华能源	东华能源	None
新和成	和成配售	None
东南网架	东南网架	None
万丰奥威	万丰奥威	None
世荣兆业	威尔配售	None
顺络电子	顺络电子	None
天康生物	天康生物	天康转债
远光软件	远光软件	None
三力士	三力士	三力转债
青岛金王	青岛金王	None
三维通信	三维通信	None
恒宝股份	恒宝股份	None
东方锆业	东方锆业	None
华峰化学	华峰氨纶	None
东港股份	东港股份	None
报喜鸟	报喜鸟	None
宁波银行	宁波银行	None
万邦德	栋梁新材	None
金智科技	金智科技	None
沧州明珠	沧州明珠	None
ST獐子岛	獐 子 岛	None
蔚蓝锂芯	澳洋顺昌	None
融捷股份	路翔股份	None
利欧股份	利欧股份	None
太阳纸业	太阳纸业	太阳转债
浔兴股份	浔兴股份	None
广宇集团	广宇集团	None
兆新股份	彩虹精化	None
*ST御银	御银股份	None
水晶光电	水晶光电	None
兴化股份	兴化股份	None
博云新材	博云新材	None
红宝丽	红宝丽	None
全聚德	全聚德	None
福晶科技	福晶科技	None
三变科技	三变科技	None
ST云投	绿大地	None
海利得	海利得	None
三特索道	三特索道	None
天邦股份	天邦股份	None
中电兴发	鑫龙电器	None
ST冠福	冠福家用	None
康强电子	康强电子	None
中核钛白	中核钛白	None
荣盛发展	荣盛发展	None
贤丰控股	蓉胜超微	None
南岭民爆	南岭民爆	None
大立科技	大立科技	None
恒邦股份	恒邦股份	None
远望谷	远望谷	None
西部材料	西部材料	None
富安娜	富安娜	None
歌尔股份	歌尔声学	None
拓邦股份	拓邦电子	None
创新医疗	山下湖	None
同德化工	同德化工	None
神剑股份	神剑股份	None
新华都	新华都	None
中航光电	中航光电	None
恩华药业	恩华药业	None
成飞集成	成飞集成	None
智光电气	智光电气	None
北斗星通	北斗星通	None
大连重工	华锐铸钢	None
飞马国际	飞马国际	None
嘉应制药	嘉应制药	None
通富微电	通富微电	None
*ST海核	丹甫股份	None
北纬科技	北纬通信	None
东方网络	广陆数测	None
汉钟精机	汉钟精机	None
大为股份	特尔佳	None
ST中利	中利科技	None
辉煌科技	辉煌科技	None
顺丰控股	鼎泰新材	None
方正电机	方正电机	None
合肥城建	合肥城建	None
金风科技	金风科技	None
海南发展	三鑫股份	None
武汉凡谷	武汉凡谷	None
楚江新材	精诚铜业	楚江转债
科华数据	科华恒盛	None
合兴包装	合兴包装	合兴转债
聚力文化	帝龙新材	None
鸿博股份	鸿博股份	None
ST宏达	宏达新材	None
威创股份	威创股份	None
华东数控	华东数控	None
民和股份	民和股份	None
云海金属	云海金属	None
合力泰	联合化工	None
海得控制	海得控制	None
步步高	步步高	None
濮耐股份	濮耐股份	濮耐转债
大华股份	大华股份	None
安妮股份	安妮股份	None
*ST巴士	新嘉联	None
宇顺电子	宇顺电子	None
禾盛新材	禾盛新材	None
奥飞娱乐	奥飞动漫	None
南山控股	雅致股份	None
塔牌集团	塔牌集团	None
得利斯	得利斯	None
奥特佳	金飞达	None
众生药业	众生药业	None
桂林三金	桂林三金	None
海大集团	海大集团	None
上海莱士	上海莱士	None
新纶新材	新纶科技	None
大东南	大东南	None
友阿股份	家润多	None
海峡股份	海峡股份	None
永太科技	永太科技	None
久立特材	久立特材	None
伟星新材	伟星新材	None
皖通科技	皖通科技	None
超华科技	超华科技	None
巨力索具	巨力索具	None
柘中股份	柘中建设	None
海宁皮城	海宁皮城	None
博深股份	博深工具	None
仙琚制药	仙琚制药	None
圣农发展	圣农发展	None
高乐股份	高乐股份	None
格林美	格林美	None
精华制药	精华制药	None
ST森源	森源电气	None
永安药业	永安药业	None
太极股份	太极股份	太极转债
新北洋	新北洋	新北转债
章源钨业	章源钨业	None
兴民智通	兴民钢圈	None
北方华创	七星电子	None
泰尔股份	泰尔重工	None
汉王科技	汉王科技	None
康力电梯	康力电梯	None
卓翼科技	卓翼科技	None
科远智慧	科远股份	None
合众思壮	合众思壮	None
星网锐捷	星网锐捷	None
长青股份	长青股份	None
双象股份	双象股份	None
海普瑞	海普瑞	None
中远海科	交技发展	None
垒知集团	建研集团	垒知转债
嘉欣丝绸	嘉欣丝绸	None
雅克科技	雅克科技	None
联发股份	联发股份	None
力生制药	力生制药	None
维信诺	黑牛食品	None
延安必康	九九久	None
和而泰	和而泰	None
多氟多	多氟多	None
高德红外	高德红外	None
爱施德	爱施德	None
启明星辰	启明星辰	None
汉森制药	汉森制药	None
爱仕达	爱仕达	None
摩恩电气	摩恩电气	None
雷科防务	常发股份	None
远东传动	远东传动	远东转债
巨星科技	巨星科技	None
科伦药业	科伦药业	科伦转债
长江健康	长江润发	None
万里扬	万里扬	None
海康威视	海康威视	None
棕榈股份	棕榈园林	None
杭氧股份	杭氧股份	None
齐翔腾达	齐翔腾达	齐翔转2
*ST尤夫	尤夫股份	None
毅昌科技	毅昌股份	None
沪电股份	沪电股份	None
江苏神通	江苏神通	None
金洲管道	金洲管道	None
国星光电	国星光电	None
兴森科技	兴森科技	兴森转债
晨鑫退	壹桥苗业	None
中粮资本	中原特钢	None
华软科技	天马精化	None
松芝股份	松芝股份	None
太安堂	皮宝制药	None
长高电新	长高集团	None
欧菲光	欧菲光	None
中原内配	中原内配	None
二六三	二六三	None
晶澳科技	天业通联	None
珠江啤酒	珠江啤酒	None
海格通信	海格通信	None
百川股份	百川股份	None
益生股份	益生股份	None
众应退	金利科技	None
双塔食品	双塔食品	None
申通快递	艾迪西	None
三维化学	三维工程	None
宝莫股份	宝莫股份	None
润邦股份	润邦股份	None
金固股份	金固股份	None
华斯股份	华斯股份	None
常宝股份	常宝股份	None
恒基达鑫	恒基达鑫	None
鼎龙文化	骅威股份	None
通鼎互联	通鼎光电	None
*ST科林	科林环保	None
浙江永强	浙江永强	None
日发精机	日发数码	None
山西证券	山西证券	None
西子洁能	杭锅股份	西子转债
浙江众成	浙江众成	None
恺英网络	泰亚股份	None
天汽模	天汽模	汽模转2
雅化集团	雅化集团	None
山东墨龙	山东墨龙	None
新联电子	新联电子	None
协鑫集成	超日太阳	None
旷达科技	江苏旷达	None
荣盛石化	荣盛石化	None
天山铝业	新界泵业	None
辉丰股份	辉丰股份	None
科士达	科士达	None
亚太科技	亚太科技	None
春兴精工	春兴精工	None
老板电器	老板电器	None
凯美特气	凯美特气	None
尚荣医疗	尚荣医疗	尚荣转债
宝馨科技	宝馨科技	None
ST步森	步森股份	None
兄弟科技	兄弟科技	兄弟转债
司尔特	司尔特	None
海源复材	海源机械	None
南方精工	南方轴承	None
益盛药业	益盛药业	None
洽洽食品	洽洽食品	洽洽转债
飞龙股份	西泵股份	None
涪陵榨菜	涪陵榨菜	None
雷柏科技	雷柏科技	None
普天科技	杰赛科技	None
天桥起重	天桥起重	None
露笑科技	露笑科技	None
三七互娱	顺荣股份	None
海能达	海能达	None
爱康科技	爱康科技	None
史丹利	史丹利	None
徐家汇	徐家汇	None
海南瑞泽	海南瑞泽	None
天沃科技	张化机	None
北玻股份	北玻股份	None
万和电气	万和电气	None
ST八菱	八菱科技	None
平安银行	不详	None
山东矿机	山东矿机	None
百润股份	百润股份	百润转债
*ST全新	不详	None
深华发A	不详	None
清新环境	国电清新	None
棒杰股份	棒杰股份	None
融钰集团	永大集团	None
深中华A	不详	None
海联金汇	海立美达	None
亚威股份	亚威股份	None
德力股份	德力股份	None
凯文教育	中泰桥梁	None
飞亚达	不详	None
完美世界	金磊股份	None
深天地A	不详	None
龙泉股份	龙泉股份	None
金达威	金达威	None
大悦城	不详	None
山东章鼓	山东章鼓	None
共达电声	共达电声	None
群兴玩具	群兴玩具	None
ST奥马	奥马电器	None
双星新材	双星新材	None
比亚迪	比亚迪	None
雪人股份	雪人股份	None
皇庭国际	深国商	None
领益智造	江粉磁材	None
万安科技	万安科技	None
合肥百货	不详	None
大连电瓷	大连电瓷	None
华西能源	华西能源	None
未名医药	万昌科技	None
兴业科技	兴业科技	None
湖北宜化	湖北宜化	None
美亚光电	美亚光电	None
安洁科技	安洁科技	None
ST国华	不详	None
丰原药业	新力药业	None
兴业矿业	富龙热力	None
奥拓电子	奥拓电子	None
道明光学	道明光学	None
哈尔斯	哈尔斯	哈尔转债
萃华珠宝	萃华珠宝	None
ST美盛	美盛文化	None
荣安地产	不详	None
国药一致	不详	None
美丽生态	不详	None
奋达科技	奋达科技	None
丹邦退	丹邦科技	None
国盛金控	华声股份	None
美吉姆	大连三垒	None
云鼎科技	不详	None
沙河股份	不详	None
东阿阿胶	不详	None
申科股份	申科股份	None
海思科	海思科	None
南京公用	南京中北	None
中矿资源	中矿资源	中矿转债
德尔未来	德尔家居	未来转债
博实股份	博实股份	None
华锦股份	辽通化工	None
*ST华塑	不详	None
瑞和股份	瑞和股份	None
勤上股份	勤上光电	None
特力A	不详	None
农产品	农产品	None
博彦科技	博彦科技	None
龙津药业	龙津药业	None
首航高科	首航节能	None
中国天楹	不详	None
华金资本	不详	None
长虹美菱	不详	None
深深房A	不详	None
广聚能源	广聚能源	None
华侨城A	华侨城	None
中兴通讯	中兴通讯	None
利君股份	利君股份	None
华联控股	不详	None
东旭蓝天	不详	None
学大教育	不详	None
金河生物	金河生物	None
思美传媒	思美传媒	None
东诚药业	东诚生化	None
*ST大通	不详	None
ST摩登	卡奴迪路	None
深南电A	不详	None
世纪华通	世纪华通	None
克明食品	克明面业	None
TCL科技	TCL集团	None
冀东水泥	冀东水泥	冀东转债
珠江钢琴	珠江钢琴	None
潍柴动力	潍柴动力	None
乔治白	乔治白	None
深圳机场	深圳机场	None
顾地科技	顾地科技	None
京基智农	不详	None
普邦股份	普邦园林	None
东方盛虹	丝绸股份	盛虹转债
天赐材料	天赐材料	None
海王生物	海王生物	None
良信股份	良信电器	None
ST远程	远程电缆	None
深天马A	不详	None
昇兴股份	昇兴股份	None
川能动力	川化股份	None
永东股份	永东股份	永东转2
南兴股份	南兴装备	None
金一文化	金一文化	None
中联重科	中联重科	None
金发拉比	金发拉比	None
国新健康	不详	None
金轮股份	金轮股份	金轮转债
登云股份	登云股份	None
胜利股份	胜利股份	None
浙江美大	浙江美大	None
电光科技	电光科技	None
中成股份	中成股份	None
粤高速A	不详	None
派林生物	宜春工程	None
万达电影	万达院线	None
岭南控股	不详	None
中润资源	不详	None
南华生物	不详	None
一心堂	一心堂	None
奥赛康	东方新星	None
广弘控股	不详	None
英特集团	凯地丝绸	英特转债
康达新材	康达新材	None
中国长城	不详	None
通程控股	通程东百	None
浙江建投	多喜爱	None
华映科技	不详	None
双成药业	双成药业	None
牧原股份	牧原股份	牧原转债
渤海租赁	不详	None
东易日盛	东易日盛	None
煌上煌	煌上煌	None
武商集团	不详	None
新宝股份	新宝股份	None
众信旅游	众信旅游	众信转债
葵花药业	葵花药业	None
冰山冷热	不详	None
仙坛股份	仙坛股份	None
晨鸣纸业	晨鸣纸业	None
国光股份	国光股份	国光转债
渝开发	不详	None
索菱股份	索菱股份	None
国信证券	国信证券	None
泰山石油	不详	None
众兴菌业	众兴菌业	众兴转债
粤电力A	不详	None
中原环保	不详	None
中天金融	不详	None
科迪退	科迪乳业	None
广宇发展	不详	None
中坚科技	中坚科技	None
金浦钛业	不详	None
靖远煤电	不详	靖远转债
万里石	万里石	None
真视通	真视通	None
三夫户外	三夫户外	None
宝塔实业	不详	None
莱茵体育	不详	None
文科园林	文科园林	文科转债
康弘药业	康弘药业	None
第一创业	第一创业	None
万向钱潮	不详	None
神州信息	不详	None
洪汇新材	洪汇新材	None
罗欣药业	东音股份	None
中晟高科	高科石化	None
*ST金洲	不详	None
烽火电子	不详	None
海螺新材	不详	None
鹭燕医药	鹭燕医药	None
陕国投A	不详	None
我爱我家	不详	None
世嘉科技	世嘉科技	None
海南海药	不详	None
平潭发展	中福实业	None
吉宏股份	吉宏股份	None
永和智控	永和智控	None
天顺股份	天顺股份	None
*ST大集	不详	None
山东赫达	山东赫达	None
华锋股份	华锋股份	华锋转债
青岛双星	青岛双星	None
韶能股份	韶能股份	None
西安旅游	不详	None
启迪药业	湘中药A	None
和科达	和科达	None
上峰水泥	不详	None
和胜股份	和胜股份	None
哈工智能	不详	None
德龙汇能	不详	None
北部湾港	不详	北港转债
纳尔股份	纳尔股份	None
风华高科	风华高科	None
名雕股份	名雕股份	None
江阴银行	江阴银行	江银转债
东北制药	东北药	None
凯中精密	凯中精密	凯中转债
可立克	可立克	None
英维克	英维克	None
黄山胶囊	黄山胶囊	None
建投能源	国际大厦	None
顺发恒业	长春兰宝	None
中装建设	中装建设	中装转2
银宝山新	银宝山新	None
华媒控股	不详	None
盛达资源	不详	None
丰元股份	丰元股份	None
珠海中富	不详	None
金岭矿业	不详	None
贝肯能源	贝肯能源	None
丰乐种业	丰乐种业	None
焦作万方	不详	None
中钨高新	金海股份	None
国城矿业	不详	国城转债
崇达技术	崇达技术	崇达转2
奥园美谷	湖北金环	None
亚太实业	海南寰岛	None
英力特	不详	None
弘亚数控	弘亚数控	弘亚转债
凯莱英	凯莱英	None
中兴商业	中兴商业	None
永安林业	不详	None
*ST当代	大同水泥	None
易明医药	易明医药	None
渤海股份	不详	None
贵州轮胎	黔轮胎A	贵轮转债
大连友谊	大连友谊	None
新宏泽	新宏泽	None
*ST万方	中辽国际	None
中迪投资	燕化高新	None
广发证券	不详	None
恒天海龙	不详	None
经纬纺机	不详	None
东北证券	锦州六陆	None
泰达股份	不详	None
国元证券	北京化二	None
华闻集团	燃气股份	None
华讯退	保定天鹅	None
星网宇达	星网宇达	None
裕同科技	裕同科技	None
冰轮环境	不详	None
湖北广电	不详	湖广转债
沈阳化工	沈阳化工	None
粤桂股份	贵糖股份	None
京蓝科技	龙发股份	None
阳光股份	广西虎威	None
中原传媒	不详	None
宝新能源	不详	None
恒逸石化	不详	恒逸转债
中山公用	佛山兴华	None
比音勒芬	比音勒芬	None
鲁泰A	鲁泰A	鲁泰转债
双环科技	湖北双环	None
黑芝麻	广西斯壮	None
酒鬼酒	不详	None
湖南发展	不详	None
五矿稀土	关铝股份	None
五粮液	五粮液	None
厦门港务	厦门路桥	None
甘肃电投	西北化工	None
亚钾国际	广州冷机	None
航发控制	南方摩托	None
天山股份	天山股份	None
ST北文	京西旅游	None
中信特钢	大冶特钢	中特转债
ST泰禾	福建三农	None
惠天热电	惠天热电	None
浙商中拓	南方建材	None
创维数字	四川锦华	创维转债
中交地产	重庆实业	None
智慧农业	不详	None
德展健康	不详	None
航锦科技	不详	None
韶钢松山	韶钢松山	None
嘉凯城	亚华种业	None
河钢资源	河北宣工	None
新兴铸管	新兴铸管	None
ST国安	中信国安	None
金陵药业	金陵药业	None
新能泰山	不详	None
万年青	江西水泥	万青转债
东莞控股	不详	None
四川美丰	四川美丰	None
太钢不锈	太钢不锈	None
罗牛山	不详	None
ST凯撒	不详	None
新华制药	新华制药	None
张家港行	张家港行	张行转债
西安饮食	不详	None
美利云	美利纸业	None
晋控电力	不详	None
西藏矿业	不详	None
*ST银河	不详	None
富通信息	天大天财	None
云铝股份	不详	None
钧达股份	钧达股份	None
捷荣技术	捷荣技术	None
通化金马	通化金马	None
力盛赛车	力盛赛车	None
超声电子	不详	超声转债
三晖电气	三晖电气	None
石化机械	江钻股份	None
实丰文化	实丰文化	None
钱江摩托	钱江摩托	None
张裕A	张裕Ａ	None
京山轻机	京山轻机	None
中鼎股份	飞彩股份	None
银星能源	吴忠仪表	None
法尔胜	法尔胜	None
云内动力	云内动力	None
国风新材	国风塑业	None
沃顿科技	南方汇通	None
北清环能	不详	None
华特达因	声乐股份	None
泸天化	泸天化	None
佳电股份	阿继电器	None
新希望	新希望	希望转2
北新建材	北新建材	None
景峰医药	天一泵业	None
电广传媒	电广实业	None
现代投资	湖南高速	None
秦川机床	秦川发展	None
天音控股	赣南果业	None
众合科技	浙大辰光	None
赣能股份	赣能股份	None
欢瑞世纪	三爱海陵	None
中粮科技	丰原生化	None
兰州黄河	兰州黄河	None
高鸿股份	中国七砂	None
启迪环境	国投原宜	None
中钢国际	吉林炭素	中钢转债
津滨发展	津滨发展	None
视源股份	视源股份	None
海信家电	科龙电器	None
安凯客车	不详	None
英联股份	英联股份	英联转债
中国铁物	天津汽车	None
紫光股份	清华紫光	None
华统股份	华统股份	华统转债
华茂股份	华茂股份	None
翔鹭钨业	翔鹭钨业	翔鹭转债
金溢科技	金溢科技	None
鞍钢股份	鞍钢新轧	None
瀛通通讯	瀛通通讯	瀛通转债
大亚圣象	大亚股份	None
盐津铺子	盐津铺子	None
香山股份	香山股份	None
伟隆股份	伟隆股份	None
威星智能	威星智能	None
泰嘉股份	泰嘉股份	None
中元股份	中元华电	None
三利谱	三利谱	None
红日药业	红日药业	None
*ST宝德	宝德股份	None
乐普医疗	乐普医疗	乐普转2
欧比特	欧比特	None
三聚环保	三聚环保	None
华力创通	华力创通	None
安科生物	安科生物	None
当升科技	当升科技	None
探路者	探路者	None
台基股份	台基股份	None
安奈儿	安奈儿	None
神州泰岳	神州泰岳	None
南风股份	南风股份	None
长信科技	长信科技	长信转债
鼎汉技术	鼎汉技术	None
万邦达	万邦达	None
华谊兄弟	华谊兄弟	None
万顺新材	万顺股份	万顺转2
钢研高纳	钢研高纳	None
吉峰科技	吉峰农机	None
龙源技术	龙源技术	None
三川智慧	三川股份	None
万讯自控	万讯自控	万讯转债
机器人	机器人	None
中电环保	中电环保	None
向日葵	向日葵	None
易成新能	新大新材	None
智飞生物	智飞生物	None
华平股份	华平股份	None
中能电气	中能电气	None
金刚退	华晶钻石	None
阳谷华泰	阳谷华泰	None
爱尔眼科	爱尔眼科	None
瑞凌股份	瑞凌股份	None
锦富技术	锦富新材	None
康芝药业	康芝药业	None
金利华电	金利华电	None
银之杰	银之杰	None
数字政通	数字政通	None
青松股份	青松股份	None
双林股份	双林股份	None
华谊嘉信	华谊嘉信	None
海默科技	海默科技	None
先河环保	先河环保	None
乾照光电	乾照光电	None
新开源	新开源	None
*ST文化	长城集团	None
中金环境	南方泵业	None
大富科技	大富科技	None
东方财富	东方财富	None
宝利国际	宝利沥青	None
振东制药	振东制药	None
科新机电	科新机电	None
东方日升	东方日升	None
汇川技术	汇川技术	None
派生科技	鸿特精密	None
嘉寓股份	嘉寓股份	None
天晟新材	天晟新材	None
秀强股份	秀强股份	None
聆达股份	易世达	None
万达信息	万达信息	None
建新股份	建新股份	None
和顺电气	和顺电气	None
捷成股份	捷成股份	None
高盟新材	高盟新材	None
新国都	新国都	None
经纬辉开	经纬电材	None
安居宝	安居宝	None
保力新	坚瑞消防	None
沃森生物	沃森生物	None
亚光科技	太阳鸟	None
香雪制药	香雪制药	None
佳士科技	佳士科技	None
雷曼光电	雷曼光电	None
翰宇药业	翰宇药业	None
福能东方	松德股份	None
四方达	四方达	None
天舟文化	天舟文化	None
ST新研	新研股份	None
恒泰艾普	恒泰艾普	None
佐力药业	佐力药业	None
迪威迅	迪威视讯	None
科融环境	燃控科技	None
美亚柏科	美亚柏科	None
天瑞仪器	天瑞仪器	None
汉得信息	汉得信息	汉得转债
银禧科技	银禧科技	None
佳讯飞鸿	佳讯飞鸿	None
舒泰神	舒泰神	None
金信诺	金信诺	None
安科瑞	安科瑞	None
*ST聚龙	聚龙股份	None
天泽信息	天泽信息	None
金运激光	金运激光	None
森远股份	森远股份	None
科大智能	科大智能	None
东方电热	东方电热	None
利亚德	利亚德	利德转债
聚光科技	聚光科技	None
欣旺达	欣旺达	None
慈星股份	慈星股份	None
宝莱特	宝莱特	宝莱转债
宜安科技	宜安科技	None
上海钢联	上海钢联	None
电科院	电科院	None
梅安森	梅安森	None
亿通科技	亿通科技	None
*ST网力	东方网力	None
中国重汽	小鸭电器	None
*ST星星	星星科技	None
富瑞特装	富瑞特装	None
正海磁材	正海磁材	None
三丰智能	三丰智能	None
戴维医疗	戴维医疗	None
光韵达	光韵达	None
鹏翎股份	鹏翎股份	None
阳光电源	阳光电源	None
华昌达	华昌达	None
仟源医药	仟源制药	None
华虹计通	华虹计通	None
裕兴股份	裕兴股份	裕兴转债
广济药业	广济药业	None
开尔新材	开尔新材	None
斯莱克	斯莱克	斯莱转债
天银机电	天银机电	None
银邦股份	银邦股份	None
*ST和佳	和佳股份	None
苏交科	苏交科	None
ST天山	天山生物	None
德威退	德威新材	None
鼎捷软件	鼎捷软件	None
*ST蓝盾	蓝盾股份	蓝盾转债
天玑科技	天玑科技	None
依米康	依米康	None
迪瑞医疗	迪瑞医疗	None
南天信息	南天信息	None
汇中股份	汇中股份	None
冠昊生物	冠昊生物	None
*ST腾信	腾信股份	None
聚飞光电	聚飞光电	聚飞转债
北信源	北信源	None
瑞丰光电	瑞丰光电	None
中文在线	中文在线	None
天保基建	天水股份	None
新乡化纤	新乡化纤	None
新天科技	新天科技	None
开山股份	开山股份	None
东方钽业	东方钽业	None
盈峰环境	上风高科	盈峰转债
初灵信息	初灵信息	None
创意信息	创意信息	None
雅本化学	雅本化学	None
康跃科技	康跃科技	None
任子行	任子行	None
安泰科技	安泰科技	None
ST高升	湖北迈亚	None
锡业股份	锡业股份	None
佳创视讯	佳创视讯	None
*ST中基	新中基	None
中际旭创	中际装备	None
桂林旅游	桂林配售	None
南华仪器	南华仪器	None
汇金股份	汇金股份	None
天利科技	京天利	None
利德曼	利德曼	None
华灿光电	华灿光电	None
九强生物	九强生物	None
东土科技	东土科技	None
中建环能	环能科技	None
德尔股份	德尔股份	德尔转债
道氏技术	道氏技术	None
掌趣科技	掌趣科技	None
博雅生物	博雅生物	None
清水源	清水源	None
飞利信	飞利信	None
ST开元	开元仪器	None
金盾股份	金盾股份	None
佛塑科技	佛塑股份	None
扬杰科技	扬杰科技	None
凯利泰	凯利泰	None
创业慧康	创业软件	None
金卡智能	金卡股份	None
博腾股份	博腾股份	None
芒果超媒	快乐购	None
鹏辉能源	鹏辉能源	鹏辉转债
远方信息	远方光电	None
鲍斯股份	鲍斯股份	None
东方通	东方通	None
溢多利	溢多利	溢利转债
山河药辅	山河药辅	None
华鹏飞	华鹏飞	None
越秀金控	广州友谊	None
浩丰科技	浩丰科技	None
电投产融	东方热电	None
唐德影视	唐德影视	None
花园生物	花园生物	None
宜通世纪	宜通世纪	None
苏泊尔	苏泊配售	None
诚益通	诚益通	None
节能国祯	国祯环保	国祯转债
长源电力	长源电力	None
光环新网	光环新网	None
康拓红外	康拓红外	None
丽江股份	丽江配售	None
中国中期	捷利股份	None
招商蛇口	不详	None
力星股份	力星股份	None
东杰智能	东杰智能	None
新大陆	新大陆	None
三诺生物	三诺生物	三诺转债
天壕环境	天壕节能	天壕转债
艾比森	艾比森	None
盾安环境	盾安配售	None
赛微电子	耐威科技	None
信息发展	信息发展	None
华自科技	华自科技	None
兆日科技	兆日科技	None
润和软件	润和软件	None
精功科技	精工配售	None
迦南科技	迦南科技	None
山东威达	威达配售	None
昆仑万维	昆仑万维	None
景嘉微	景嘉微	None
宝色股份	宝色股份	None
汉邦高科	汉邦高科	None
分众传媒	七喜配售	None
红相股份	红相电力	红相转债
盛天网络	盛天网络	None
思源电气	思源配售	None
*ST新文	新文化	None
华工科技	华工科技	None
重药控股	民丰农化	None
田中精机	田中精机	None
中船应急	华舟应急	应急转债
合纵科技	合纵科技	None
博思软件	博思软件	None
博济医药	博济医药	None
蓝思科技	蓝思科技	None
捷捷微电	捷捷微电	捷捷转债
达安基因	达安配售	None
鸿达兴业	琼花配售	鸿达转债
海鸥住工	海鸥卫浴	None
登海种业	登海配售	None
陇神戎发	陇神戎发	None
欣龙控股	欣龙无纺	None
迅游科技	迅游科技	None
双鹭药业	双鹭配售	None
金雷股份	金雷风电	None
天和防务	天和防务	None
ST德豪	德豪配售	None
ST新海	新 海 宜	None
华邦健康	华邦配售	None
中航机电	中航配售	None
中工国际	中工国际	None
银泰黄金	乌江电力	None
浩云科技	浩云科技	None
久吾高科	久吾高科	None
绿盟科技	绿盟科技	None
新易盛	新易盛	None
七匹狼	七狼配售	None
先进数通	先进数通	None
神思电子	神思电子	None
昇辉科技	鲁亿通	None
贝达药业	贝达药业	None
首华燃气	沃施股份	首华转债
华润三九	三九医药	None
乐心医疗	乐心医疗	None
中富通	中富通	None
冰川网络	冰川网络	None
恒锋工具	恒锋工具	None
国机精工	轴研配售	None
超频三	超频三	None
万孚生物	万孚生物	万孚转债
九芝堂	九芝堂	None
川金诺	川金诺	None
得润电子	得润电子	None
德美化工	德美化工	None
强力新材	强力新材	强力转债
平治信息	平治信息	None
天铁股份	天铁股份	天铁转债
劲拓股份	劲拓股份	None
中钢天源	天源科技	None
赛升药业	赛升药业	None
ST东洋	东方海洋	None
传化智联	传化配售	None
高伟达	高伟达	None
友讯达	友讯达	None
佳发教育	佳发安泰	None
爱司凯	爱司凯	None
豫能控股	河南豫能	None
国光电器	国光配售	None
东华软件	东华合创	None
太辰光	太辰光	None
乐凯新材	乐凯新材	None
国轩高科	东源电器	None
开立医疗	开立医疗	None
光智科技	中飞股份	None
润欣科技	润欣科技	None
神宇股份	神宇股份	None
南京港	南京配售	None
京新药业	京新配售	None
软控股份	青岛软控	None
安靠智电	安靠智电	None
三鑫医疗	三鑫医疗	None
横店东磁	横店东磁	None
金石亚药	金石东方	None
航天电器	电器配售	None
*ST美尚	美尚生态	None
金银河	金银河	None
恒实科技	恒泰实达	None
达威股份	达威股份	None
兴齐眼药	兴齐眼药	None
辰安科技	辰安科技	None
全信股份	全信股份	None
全志科技	全志科技	None
旺能环境	美欣配售	旺能转债
金冠股份	金冠电气	None
高澜股份	高澜股份	高澜转债
中旗股份	中旗股份	None
幸福蓝海	幸福蓝海	None
巨轮智能	巨轮配售	None
华兰生物	华兰配售	None
黔源电力	黔源配售	None
世名科技	世名科技	None
杭州园林	杭州园林	None
优德精密	优德精密	None
ST天润	天润发展	None
健帆生物	健帆生物	健帆转债
美年健康	三友配售	None
三超新材	三超新材	三超转债
华孚时尚	飞亚配售	None
联创电子	宜科配售	联创转债
大族激光	大族配售	大族转债
正丹股份	正丹股份	正丹转债
迈克生物	迈克生物	None
三德科技	三德科技	None
*ST中潜	中潜股份	None
兔宝宝	兔宝配售	None
丝路视觉	丝路视觉	丝路转债
三花智控	三花配售	三花转债
科大国创	科大国创	None
亿帆医药	鑫富配售	None
星云股份	星云股份	None
保利联合	久联配售	None
万集科技	万集科技	None
精测电子	精测电子	精测转债
*ST同洲	同洲电子	None
联得装备	联得装备	联得转债
宁波华翔	华翔配售	None
ST易购	苏宁配售	None
华帝股份	华帝配售	None
长川科技	长川科技	None
云南旅游	世博股份	None
汇金科技	汇金科技	None
紫光国微	晶源配售	国微转债
大港股份	大港股份	None
吉大通信	吉大通信	None
康泰生物	康泰生物	康泰转2
中科创达	中科创达	None
景兴纸业	景兴纸业	景兴转债
宏润建设	宏润建设	None
黑猫股份	黑猫股份	None
中材科技	中材科技	None
华凯易佰	华凯创意	None
达志科技	达志科技	None
维业股份	维业股份	None
晨曦航空	晨曦航空	None
宝鹰股份	成霖配售	None
金螳螂	金 螳 螂	None
新晨科技	新晨科技	None
苏州固锝	苏州固锝	None
威尔泰	威 尔 泰	None
富瀚微	富瀚微	富瀚转债
朗科智能	朗科智能	朗科转债
国脉科技	国脉科技	None
亿联网络	亿联网络	None
万通智控	万通智控	None
三雄极光	三雄极光	None
理工光科	理工光科	None
广和通	广和通	None
江苏国泰	江苏国泰	国泰转债
山河智能	山河智能	None
粤水电	粤 水 电	None
同和药业	同和药业	同和转债
广博股份	广博股份	None
万里马	万里马	None
华瑞股份	华瑞股份	None
广东鸿图	广东鸿图	None
云南能投	云南盐化	None
安车检测	安车检测	None
开润股份	开润股份	开润转债
海辰药业	海辰药业	None
信隆健康	信隆实业	None
三钢闽光	三钢闽光	None
晨化股份	晨化股份	None
孚日股份	孚日股份	孚日转债
华测导航	华测导航	None
沃华医药	沃华医药	None
新劲刚	新劲刚	None
新野纺织	新野纺织	None
德艺文创	德艺文创	None
沙钢股份	高新张铜	None
生意宝	网盛科技	None
光莆股份	光莆股份	None
罗平锌电	罗平锌电	None
太龙股份	太龙照明	None
中国海诚	中国海诚	None
正元智慧	正元智慧	None
恒星科技	恒星科技	None
韵达股份	新海股份	None
浦发银行	浦发银行	浦发转债
ST天马	天马轴承	None
银轮股份	银轮股份	银轮转债
科陆电子	科陆电子	None
金陵体育	金陵体育	金陵转债
宁波联合	宁波联合	None
延江股份	延江股份	None
新光退	方圆支承	None
湘潭电化	湘潭电化	None
梦网科技	荣信股份	None
雷迪克	雷迪克	雷迪转债
南极电商	新民科技	None
安纳达	安纳达	None
常铝股份	常铝股份	None
科锐国际	科锐国际	None
同仁堂	同仁堂	None
电投能源	露天煤业	None
正邦科技	正邦科技	正邦转债
福建高速	福高申购	None
厦门象屿	不详	None
日照港	日照申购	None
退市易见	禾嘉股份	None
悦心健康	斯米克	None
中国卫星	不详	None
金花股份	不详	None
中原高速	中原配售	None
白云机场	白云配售	None
通润装备	江苏通润	None
华能国际	华能申购	None
实益达	实益达	None
浙江富润	浙江富润	None
游族网络	梅花伞	游族转债
招商银行	招行申购	None
中葡股份	新天国际	None
达意隆	达意隆	None
楚天高速	楚天配售	None
上海机场	虹桥机场	None
奥特迅	奥特迅	None
广电运通	广电运通	None
莱茵生物	莱茵生物	None
延华智能	延华智能	None
海信视像	不详	None
浙江东方	浙江东方	None
沃尔核材	沃尔核材	None
东风汽车	东风汽车	None
大名城	华源A股	None
芭田股份	芭田股份	None
浙江东日	浙江东日	None
巨化股份	巨化股份	None
三一重工	三一配售	None
石基信息	石基信息	None
怡亚通	怡亚通	None
兰花科创	兰花煤业	None
中直股份	哈飞申购	None
东睦股份	东睦配售	None
人福医药	当代科技	None
上海电力	上电配售	None
正威新材	九鼎新材	None
天坛生物	天坛生物	None
天津普林	天津普林	None
宇通客车	郑州客车	None
圣济堂	赤天化	None
宏达高科	宏达经编	None
太原重工	太原重工	None
林海股份	林海股份	None
*ST恒康	独一味	None
南方航空	南航配售	南航转债
劲嘉股份	劲嘉股份	None
*ST博信	红光实业	None
中闽能源	福建南纸	None
联美控股	黎明服装	None
东华科技	东华科技	None
精艺股份	精艺股份	None
惠程科技	深圳惠程	None
中国船舶	沪东重机	None
退市明科	黄河化工	None
上海贝岭	上海贝岭	None
永泰能源	不详	None
*ST济堂	不详	None
*ST澄星	鼎球实业	None
四川路桥	路桥配售	None
ST明诚	道博股份	None
国投资本	中纺投资	国投转债
南国置业	南国置业	None
宋都股份	不详	None
拓日新能	拓日新能	None
武汉控股	武汉实业	None
瑞茂通	九发股份	None
东风科技	东风电仪	None
保利发展	保利申购	None
华升股份	益鑫泰	None
S*ST佳通	桦林轮胎	None
同方股份	清华同方	None
粤传媒	粤传媒	None
宁波东力	东力传动	None
新日恒力	宁夏恒力	None
德奥退	伊立浦	None
国统股份	国统股份	None
江特电机	江特电机	None
湖南黄金	辰州矿业	None
启明信息	启明信息	None
广百股份	广百股份	None
金种子酒	金牛实业	None
三峡水利	三峡水利	None
亚盛集团	不详	None
福田汽车	福田股份	None
生益科技	生益股份	None
海陆重工	海陆重工	None
哈空调	哈空调	None
华天科技	华天科技	None
美邦服饰	美邦服饰	None
长春一东	离合器	None
中光学	利达光电	None
国金证券	不详	None
泰和新材	烟台氨纶	None
东方雨虹	东方雨虹	None
证通电子	证通电子	None
东晶电子	东晶电子	None
神开股份	神开股份	None
拓维信息	拓维信息	None
利尔化学	利尔化学	利尔转债
澳洋健康	澳洋科技	None
重庆啤酒	重庆啤酒	None
鲁商发展	万杰实业	None
北方稀土	稀士高科	None
二三四五	海隆软件	None
ST升达	升达林业	None
南纺股份	南纺申购	None
西藏药业	西藏药业	None
海亮股份	海亮股份	海亮转债
华明装备	法因数控	None
盛新锂能	威华股份	None
准油股份	准油股份	None
凌钢股份	凌钢股份	凌钢转债
廊坊发展	邢台轧辊	None
天津松江	天香实业	None
力合科创	通产丽星	None
金发科技	金发配售	None
广汇能源	广汇申购	None
弘业股份	江苏工艺	None
兴发集团	兴发集团	None
两面针	两面配售	None
三全食品	三全食品	None
东方园林	东方园林	None
海南椰岛	海南椰岛	None
诺普信	诺普信	None
华创阳安	宝硕股份	None
西宁特钢	不详	None
川大智胜	川大智胜	None
天润工业	天润曲轴	None
*ST天成	长征电器　	None
广晟有色	兴业聚脂	None
华昌化工	华昌化工	None
科大讯飞	科大讯飞	None
卧龙地产	牡丹江	None
中体产业	中体产业	None
滨江集团	滨江集团	None
江南化工	江南化工	None
*ST华资	华资实业	None
铁龙物流	铁龙股份	None
赣粤高速	赣粤电购	None
奇正藏药	奇正藏药	奇正转债
保龄宝	保龄宝	None
光电股份	华光配售	None
黄河旋风	黄河旋风	None
奥维通信	奥维通信	None
*ST亚联	键桥通讯	None
格力地产	海星科技	None
建发股份	厦门建发	None
福日电子	福日股份	None
国中水务	黑龙股份	None
ST时万	时代申购	None
冠农股份	冠农配售	None
天融信	南洋股份	None
阳光照明	阳光申购	None
生物股份	金宇集团	None
九阳股份	九阳股份	None
华阳新材	太化申购	None
南钢股份	南钢申购	None
洋河股份	洋河股份	None
锦州港	锦州港	None
天威视讯	天威视讯	None
川润股份	川润股份	None
亿利洁能	亿利申购	None
鱼跃医疗	鱼跃医疗	None
北化股份	北化股份	None
卫士通	卫 士 通	None
西仪股份	西仪股份	None
焦点科技	焦点科技	None
有研新材	有研硅股	None
安彩高科	安彩高科	None
江苏阳光	江苏阳光	None
光迅科技	光迅科技	None
中再资环	秦岭水泥	None
大洋电机	大洋电机	None
创兴资源	厦门大洋	None
中牧股份	中牧股份	None
联化科技	联化科技	None
久其软件	久其软件	久其转债
复星医药	复星实业	None
万马股份	万马电缆	None
太龙药业	众生制药	None
浙富控股	浙富股份	None
浙江医药	浙江医药	None
鑫科材料	鑫科申购	None
城市传媒	青岛碱业	None
西部建设	西部建设	None
陕天然气	陕天然气	None
*ST凯乐	凯乐股份	None
派斯林	长春经开	None
联络互动	新世纪	None
科新发展	天龙集团	None
世联行	世联地产	None
江泉实业	江泉实业	None
ST云城	红河光明	None
*ST中昌	华龙申购	None
太阳电缆	太阳电缆	None
信立泰	信立泰	None
民丰特纸	民丰特纸	None
中科云网	湘鄂情	None
星期六	星期六	None
美盈森	美盈森	None
齐心集团	齐心文具	None
沧州大化	沧州大化	None
川发龙蟒	三泰电子	None
城建发展	北京城建	None
恒瑞医药	恒瑞申购	None
*ST日海	日海通讯	None
亚太股份	亚太股份	亚太转债
中央商场	中商申购	None
金鹰股份	金鹰配售	None
罗莱生活	罗莱家纺	None
乐通股份	乐通股份	None
航天信息	航信配售	None
北新路桥	北新路桥	None
江苏舜天	舜天申购	None
国电南自	国电南自	None
皇氏集团	皇氏乳业	None
新朋股份	新朋股份	None
普利特	普利特	None
雅博股份	中联电气	None
ST信通	亿阳申购	None
奥普光电	奥普光电	None
洪涛股份	洪涛股份	洪涛转债
振华重工	振华增发	None
安琪酵母	安琪申购	None
鄂尔多斯	鄂多增发	None
浦东建设	浦建配售	None
远达环保	九龙申购	None
积成电子	积成电子	None
退市西水	西水申购	None
*ST华英	华英农业	None
中盐化工	兰太申购	None
英威腾	英威腾	None
白云山	广药增发	None
罗普斯金	罗普斯金	None
标准股份	标准申购	None
山东高速	基建申购	None
国创高新	国创高新	None
*ST赫美	浩宁达	None
羚锐制药	羚锐申购	None
上海家化	家化申购	None
国机汽车	中发申购	None
东山精密	东山精密	None
ST曙光	曙光申购	None
洪都航空	洪都申购	None
天娱数科	科冕木业	None
旭光电子	旭光配售	None
农发种业	中农申购	None
信邦制药	信邦制药	None
北京科锐	北京科锐	None
理工能科	理工监测	None
天通股份	天通申购	None
联创光电	联创申购	None
天原股份	天原集团	None
慈文传媒	禾欣股份	None
北京利尔	北京利尔	None
新力金融	巢东股份	None
澳柯玛	澳柯申购	None
赛象科技	赛象科技	None
中航电子	昌河申购	None
长春燃气	长燃申购	None
健康元	太太申购	None
漫步者	漫步者	None
隆基机械	隆基机械	None
瀚蓝环境	南海配售	None
金山股份	金山申购	None
省广集团	省广股份	None
杰瑞股份	杰瑞股份	None
大北农	大北农	None
中恒电气	中恒电气	None
亚宝药业	亚宝配售	None
华胜天成	华胜配售	None
华联综超	华联申购	None
中远海特	中远申购	None
南化股份	南化申购	None
三峡新材	新材申购	None
百利电气	特精申购	None
湘邮科技	湘邮配售	None
*ST深南	三元达	None
扬农化工	扬农申购	None
广联达	广联达	None
ST海越	海越配售	None
天房发展	天房申购	None
西藏天路	天路申购	天路转债
亚厦股份	亚厦股份	None
华发股份	华发配售	None
千方科技	联信永益	None
北方导航	天鸟配售	None
富临运业	富临运业	None
人人乐	人人乐	None
士兰微	士兰配售	None
洪城环境	水业配售	洪城转债
凌云股份	凌云配售	None
亚太药业	亚太药业	亚药转债
潮宏基	潮宏基	None
海澜之家	德臣申购	海澜转债
大有能源	欣网配售	None
闰土股份	闰土股份	None
中金黄金	中金配售	None
盛路通信	盛路通信	盛路转债
航天彩虹	南洋科技	None
航天动力	航天配售	None
四维图新	四维图新	None
西藏珠峰	珠峰申购	None
蓝帆医疗	蓝帆股份	蓝帆转债
中锐股份	丽鹏股份	None
贵州百灵	贵州百灵	None
誉衡药业	誉衡药业	None
新农开发	新农开发	None
盛和资源	天成配售	None
龙星化工	龙星化工	None
达实智能	达实智能	None
梦洁股份	梦洁家纺	None
万向德农	华冠配售	None
精伦电子	精伦配售	None
美克家居	美克申购	None
科力远	力元配售	None
九安医疗	九安医疗	None
三房巷	三房配售	None
中国动力	风帆配售	动力定02
新亚制程	新亚制程	None
双箭股份	双箭股份	双箭转债
华嵘控股	春天配售	None
华纺股份	华纺申购	None
国药现代	现代配售	现代转债
三友化工	三友配售	None
凤竹纺织	凤竹配售	None
凯撒文化	凯撒股份	None
中油工程	天利申购	None
云南锗业	云南锗业	None
ST粤泰	不详	None
*ST金泰	不详	None
康盛股份	康盛股份	None
晋西车轴	晋西配售	None
兆驰股份	兆驰股份	None
青松建化	青松配售	None
双良节能	双良配售	None
小商品城	不详	None
天虹股份	天虹商场	None
昆药集团	昆药申购	None
众业达	众业达	None
精工钢构	长江申购	精工转债
空港股份	空港配售	None
天药股份	天药申购	None
宁夏建材	赛马配售	None
国机通用	国通配售	None
通威股份	通威配售	通22转债
蓝光发展	迪康申购	None
胜利精密	胜利精密	None
驰宏锌锗	驰宏配售	None
中南文化	中南重工	None
腾达建设	腾达配售	None
华丽家族	宏智配售	None
赣锋锂业	赣锋锂业	None
香梨股份	香梨申购	None
航天晨光	晨光申购	None
中超控股	中超电缆	None
嘉事堂	嘉事堂	None
圣莱退	圣莱达	None
天齐锂业	天齐锂业	None
富春环保	富春环保	None
广田集团	广田股份	None
联环药业	联环配售	None
方大特钢	长力配售	None
烽火通信	烽火申购	烽火转债
汉缆股份	汉缆股份	None
方大炭素	海龙配售	None
双环传动	双环传动	None
菲达环保	菲达配售	None
贵航股份	贵航申购	None
天下秀	北生申购	None
ST康美	康美申购	None
ST弘高	东光微电	None
立讯精密	立讯精密	立讯转债
国药股份	国药配售	None
*ST雪发	希努尔	None
青龙管业	青龙管业	None
深高速	深高申购	None
ST金正	金正大	None
新筑股份	新筑股份	None
山东药玻	药玻申购	None
老白干酒	裕丰配售	None
鹏都农牧	大康牧业	None
黑牡丹	牡丹配售	None
大金重工	大金重工	None
克劳斯	黄海配售	None
保变电气	天威申购	None
长园集团	长园配售	None
迪马股份	迪马配售	None
江南高纤	高纤配售	None
江西长运	长运配售	None
银河电子	银河电子	None
佳隆股份	佳隆股份	None
法拉电子	法拉配售	None
榕基软件	榕基软件	None
天士力	天士配售	None
祥源文化	庆丰配售	None
用友网络	用友申购	None
中国软件	中软申购	None
信雅达	信雅配售	None
安阳钢铁	安阳申购	None
江海股份	江海股份	None
新安股份	新安申购	None
嘉麟杰	嘉麟杰	None
金自天正	金自配售	None
天地科技	天地申购	None
顺灏股份	上海绿新	None
恒生电子	恒生配售	None
光正眼科	光正钢构	None
搜于特	搜于特	搜特转债
*ST利源	利源铝业	None
达华智能	达华智能	None
蓝丰生化	蓝丰生化	None
时代出版	创新配售	None
中铁工业	中铁申购	None
康缘药业	康缘配售	None
天顺风能	天顺风能	None
国新能源	不详	None
中顺洁柔	中顺洁柔	None
淮河能源	芜湖配售	None
新黄浦	不详	None
中孚实业	中孚配售	None
金杯电工	金杯电工	None
卧龙电驱	卧龙申购	None
恒大高新	恒大高新	None
盛通股份	盛通股份	None
英飞拓	英飞拓	None
齐峰新材	齐峰股份	None
日上集团	日上集团	None
*ST中安	不详	None
金晶科技	金晶配售	None
通达股份	通达股份	None
东方铁塔	东方铁塔	None
益佰制药	益佰配售	None
大连圣亚	圣亚配售	None
森马服饰	森马服饰	None
金杯汽车	不详	None
以岭药业	以岭药业	None
圣阳股份	圣阳股份	None
天地源	不详	None
大众公用	不详	None
龙溪股份	龙溪配售	None
辉隆股份	辉隆股份	None
康恩贝	康贝配售	None
信达地产	不详	None
云赛智联	不详	None
泰豪科技	泰豪配售	None
申华控股	不详	None
绿地控股	不详	None
*ST丰华	不详	None
哈药股份	不详	None
西陇科学	西陇化工	None
金字火腿	金字火腿	None
*ST方科	不详	None
惠泉啤酒	惠泉配售	None
中京电子	中京电子	None
惠博普	惠博普	None
汇通能源	不详	None
百川能源	不详	None
ST中珠	潜药申购	None
浦东金桥	不详	None
大商股份	不详	None
索菲亚	宁基股份	None
通达动力	通达动力	None
锦江在线	不详	None
*ST围海	围海股份	None
唐人神	唐人神	None
岩石股份	不详	None
姚记科技	姚记扑克	None
光大嘉宝	不详	None
华谊集团	不详	None
亚玛顿	亚玛顿	None
复旦复华	不详	None
广汇物流	不详	None
大众交通	不详	None
上海凤凰	不详	None
国新文化	不详	None
中化岩土	中化岩土	岩土转债
中粮糖业	不详	None
神奇制药	不详	None
*ST瑞德	不详	None
三峡旅游	宜昌交运	None
金瑞矿业	不详	None
新时达	新时达	None
明牌珠宝	明牌珠宝	None
亚通股份	不详	None
长青集团	长青集团	长集转债
万润科技	万润科技	None
ST林重	林州重机	None
金新农	金新农	金农转债
乐山电力	不详	None
退市游久	不详	None
昂立教育	不详	None
仁智股份	仁智油服	None
中科金财	中科金财	None
上海三毛	不详	None
京能电力	京能申购	None
千红制药	千红制药	None
闽发铝业	闽发铝业	None
苏美达	常林股份	None
公元股份	永高股份	None
成都路桥	成都路桥	None
飞乐音响	不详	None
金禾实业	金禾实业	金禾转债
外高桥	不详	None
欧亚集团	不详	None
云图控股	新都化工	None
中公教育	亚夏汽车	None
茂硕电源	茂硕电源	None
天佑德酒	青青稞酒	None
舍得酒业	四川沱牌	None
东方精工	东方精工	None
豫园股份	不详	None
鲁北化工	不详	None
鸿路钢构	鸿路钢构	鸿路转债
捷顺科技	捷顺科技	None
豪迈科技	豪迈科技	None
尖峰集团	不详	None
金安国纪	金安国纪	None
卫星化学	卫星石化	None
佳都科技	远洋渔业	None
朗姿股份	朗姿股份	None
雪迪龙	雪迪龙	迪龙转债
金龙汽车	不详	None
龙佰集团	佰利联	None
宝鼎科技	宝鼎重工	None
福耀玻璃	不详	None
贝因美	贝因美	None
*ST跨境	百圆裤业	None
湖南天雁	不详	None
华建集团	不详	None
太极实业	不详	None
均胜电子	不详	None
云维股份	云维认股	None
好想你	好想你	None
中国高科	中国高科	None
荣联科技	荣之联	None
*ST华源	不详	None
瑞康医药	瑞康医药	None
*ST实达	实达电脑	None
京投发展	不详	None
江苏国信	舜天船舶	None
扬子新材	扬子新材	None
万润股份	烟台万润	None
东阳光	不详	None
凤凰股份	耀华玻璃	None
北汽蓝谷	前锋股份	None
南京医药	南京医药	None
南京新百	不详	None
东软集团	不详	None
华银电力	华银电力	None
佛慈制药	佛慈制药	None
仁东控股	宏磊股份	None
丽尚国潮	不详	None
华宏科技	华宏科技	None
赞宇科技	赞宇科技	None
加加食品	加加食品	None
闻泰科技	不详	闻泰转债
京威股份	京威股份	None
鞍重股份	鞍重股份	None
西藏旅游	西藏圣地	None
德联集团	德联集团	None
祥龙电业	不详	None
东江环保	东江环保	None
上实发展	浦东不锈	None
鲁抗医药	鲁抗医药	None
ST洲际	不详	None
辽宁能源	金帝建设	None
华东重机	华东重机	None
江苏索普	江苏索普	None
锦江酒店	新亚股份	None
通宝能源	通宝能源	None
安徽合力	不详	None
广誉远	不详	None
长江传媒	华源发展	None
ST辅仁	民丰实业	None
广东宏大	宏大爆破	None
远大智能	博林特	None
顺威股份	顺威股份	None
长鹰信质	信质电机	None
西部证券	西部证券	None
通策医疗	中燕探戈	None
百洋股份	百洋股份	None
鲁信创投	不详	None
*ST运盛	运盛实业	None
红旗连锁	红旗连锁	None
杭州解百	不详	None
鲁银投资	不详	None
厦门国贸	厦门国贸	None
宜宾纸业	不详	None
综艺股份	综艺股份	None
中航重机	力源液压	None
西藏城投	西藏金珠申购	None
猛狮退	猛狮科技	None
云煤能源	不详	None
轻纺城	轻纺城	None
亿利达	亿利达	None
ST安信	不详	None
冀凯股份	石煤装备	None
汉商集团	不详	None
ST鹏博士	不详	None
山西汾酒	不详	None
奥瑞金	奥瑞金	None
特一药业	台城制药	特一转债
宁波海运	宁波海运	None
跃岭股份	跃岭股份	None
京能置业	贵州华联	None
好利科技	好利来	None
新潮能源	不详	None
金开新能	不详	None
燕塘乳业	燕塘乳业	None
东方集团	不详	None
国电电力	不详	None
浙江世宝	浙江世宝	None
海欣食品	腾新食品	None
光华科技	光华科技	None
福建金森	福建金森	None
海洋王	海洋王	None
利民股份	利民股份	利民转债
上海物贸	不详	None
ST浩源	新疆浩源	None
光洋股份	光洋股份	None
百联股份	不详	None
王子新材	王子新材	None
上海临港	不详	None
钱江生化	钱江生化	None
动力新科	不详	None
先锋电子	先锋电子	None
龙洲股份	龙洲股份	None
富煌钢构	富煌钢构	None
哈投股份	哈岁宝	None
金贵银业	金贵银业	None
*ST易尚	易尚展示	None
广电网络	不详	广电转债
人民同泰	不详	None
天际股份	天际股份	None
济南高新	不详	None
岭南股份	岭南园林	岭南转债
龙大美食	龙大肉食	龙大转债
木林森	木林森	None
内蒙华电	不详	None
*ST奇信	奇信股份	None
保税科技	不详	None
航天长峰	不详	None
普路通	普路通	None
梅雁吉祥	不详	None
世龙实业	世龙实业	None
友邦吊顶	友邦吊顶	None
久远银海	久远银海	None
宁波中百	不详	None
金莱特	金莱特	None
航天电子	不详	None
耀皮玻璃	不详	None
通宇通讯	通宇通讯	None
新华传媒	不详	None
电科数字	不详	None
东方电气	东方电机	None
大晟文化	不详	None
创业环保	渤海化工	None
麦趣尔	麦趣尔	None
亚泰集团	不详	None
国投电力	不详	None
路畅科技	路畅科技	None
三圣股份	三圣特材	None
悦达投资	不详	None
雄韬股份	雄韬股份	None
伊利股份	伊利股份	None
茂业商业	不详	None
博闻科技	不详	None
蓝黛科技	蓝黛传动	None
凯龙股份	凯龙股份	None
埃斯顿	埃斯顿	None
高争民爆	高争民爆	None
环球印务	环球印务	None
广日股份	不详	None
中航高科	不详	None
瑞尔特	瑞尔特	None
恒久科技	苏州恒久	None
东方中科	东方中科	None
同兴达	同兴达	None
龙建股份	不详	None
汇洁股份	汇洁股份	None
博汇纸业	博汇配售	None
通化东宝	不详	None
隧道股份	不详	None
同为股份	同为股份	None
健民集团	健民配售	None
永兴材料	永兴特钢	None
郑中设计	亚泰国际	亚泰转债
国恩股份	国恩股份	None
上海易连	不详	None
世茂股份	不详	None
无锡银行	锡银申购	无锡转债
惠而浦	三洋配售	None
ST爱迪尔	爱迪尔	None
绿康生化	绿康生化	None
帝欧家居	帝王洁具	帝欧转债
九州通	九州申购	None
华源控股	华源包装	华源转债
江苏银行	苏银申购	苏银转债
重庆燃气	重燃申购	None
浙农股份	华通医药	华通转债
上海九百	不详	None
声光电科	不详	None
麦格米特	麦格米特	None
周大生	周大生	None
百大集团	不详	None
科达利	科达利	None
建艺集团	建艺集团	None
莱美药业	莱美药业	None
中国电影	中影申购	None
ST柏龙	柏堡龙	None
广安爱众	爱众配售	None
航民股份	航民配售	None
汇鸿集团	江纺配售	None
南京化纤	南京化纤	None
北陆药业	北陆药业	北陆转债
丹化科技	不详	None
新疆众和	不详	None
淮北矿业	雷鸣配售	None
今飞凯达	今飞凯达	今飞转债
智能自控	智能自控	智能转债
洛阳玻璃	洛阳玻璃	None
贵广网络	贵广申购	贵广转债
博瑞传播	不详	None
马应龙	马应配售	None
万里股份	不详	None
航发动力	吉发股份	None
重庆水务	水务申购	None
天海防务	上海佳豪	None
四创电子	四创配售	None
华测检测	华测检测	None
快意电梯	快意电梯	None
红墙股份	红墙股份	None
中科电气	中科电气	None
妙可蓝多	不详	None
昊华能源	昊华申购	None
吉鑫科技	吉鑫申购	None
宏发股份	双虎涂料	宏发转债
豆神教育	立思辰	None
亿纬锂能	亿纬锂能	None
微光股份	微光股份	None
上海凯宝	上海凯宝	None
星辉娱乐	星辉车模	None
特锐德	特锐德	None
超图软件	超图软件	None
广州港	广港申购	None
杉杉股份	宁波杉杉	None
一拖股份	一拖申购	None
长江电力	长电配售	None
凤形股份	凤形股份	None
兴业银行	兴业申购	兴业转债
重庆钢铁	重钢申购	None
环旭电子	环旭申购	环旭转债
农业银行	农行申购	None
坚朗五金	坚朗五金	None
庞大集团	庞大申购	None
同花顺	同花顺	None
高斯贝尔	高斯贝尔	None
陕西煤业	陕煤申购	None
厦门空港	厦门机场	None
大秦铁路	大秦申购	大秦转债
北京银行	北银申购	None
桂发祥	桂发祥	None
江苏有线	有线申购	None
退市中房	长铃股份	None
新宁物流	新宁物流	None
中国一重	一重申购	None
恩捷股份	创新股份	恩捷转债
星帅尔	星帅尔	None
道恩股份	道恩股份	道恩转债
玉龙股份	玉龙申购	None
*ST海医	海盛船务	None
华安证券	华安申购	华安转债
张江高科	浦东张江	None
重庆建工	建工申购	建工转债
广西广电	广电申购	None
洁美科技	洁美科技	洁美转债
网宿科技	网宿科技	None
阳普医疗	阳普医疗	None
富森美	富森美	None
恒立液压	恒立申购	None
株冶集团	株冶配售	None
岳阳林纸	岳纸配售	None
皮阿诺	皮阿诺	None
宝通科技	宝通带业	None
郴电国际	郴电配售	None
美芝股份	美芝股份	None
道道全	道道全	None
银江技术	银江股份	None
传艺科技	传艺科技	None
杭州银行	杭银申购	杭银转债
新天药业	新天药业	新天转债
华星创业	华星创业	None
大禹节水	大禹节水	大禹转债
隆基绿能	隆基申购	隆22转债
新五丰	五丰配售	None
新宙邦	新宙邦	None
中国神华	神华申购	None
春秋航空	春秋申购	None
晋亿实业	晋亿申购	None
海南橡胶	海胶申购	None
*ST数知	梅泰诺	None
南京银行	南银申购	南银转债
节能风电	节能申购	节能转债
*ST赛为	赛为智能	None
中南传媒	中南申购	None
三江购物	三江申购	None
硅宝科技	硅宝科技	None
上海环境	不详	None
小康股份	小康申购	小康转债
太平洋	不详	None
ST天圣	天圣制药	None
*ST天龙	天龙光电	None
开滦股份	开滦配售	None
九洲集团	九洲电气	九洲转2
常熟银行	常银申购	None
元隆雅图	元隆雅图	None
金龙机电	金龙机电	None
国泰君安	国君申购	国君转债
白银有色	白银申购	None
中国西电	西电申购	None
天源迪科	天源迪科	None
龙江交通	不详	None
回天新材	回天胶业	None
骆驼股份	骆驼申购	None
广汽集团	不详	None
天龙集团	天龙集团	None
朗科科技	朗科科技	None
中国平安	平安申购	None
工商银行	工行申购	None
合康新能	合康变频	None
广深铁路	广深申购	None
福瑞股份	福瑞股份	None
大智慧	智慧申购	None
世纪鼎利	世纪鼎利	None
利群股份	利群申购	利群转债
长城汽车	长城申购	长汽转债
中创环保	三维丝	None
三五互联	三五互联	None
三星医疗	三星申购	None
陕鼓动力	陕鼓申购	None
鼎龙股份	鼎龙股份	None
东风股份	东风申购	东风转债
中青宝	中青宝	None
中国铝业	不详	None
南都电源	南都电源	None
中国中铁	中铁申购	None
海兰信	海兰信	海兰转债
北辰实业	北辰申购	None
GQY视讯	宁波GQY	None
蓝色光标	蓝色光标	None
中国建筑	中建申购	None
安诺其	安诺其	None
百隆东方	百隆申购	None
广电电气	广电申购	None
明泰铝业	明泰申购	明泰转债
浙文影业	鹿港申购	None
国民技术	国民技术	None
吉林高速	不详	None
际华集团	际华申购	None
中国中冶	中冶申购	None
英唐智控	英唐智控	None
旗滨集团	旗滨申购	旗滨转债
上海电气	不详	None
中国人寿	国寿申购	None
郑煤机	煤机申购	None
奥克股份	奥克股份	None
大唐发电	大唐申购	None
旗天科技	康耐特	None
长盈精密	长盈精密	None
中国中车	南车申购	None
平煤股份	平煤申购	None
中原证券	中原申购	None
金刚玻璃	金刚玻璃	None
思创医惠	中瑞思创	思创转债
华伍股份	华伍股份	None
荃银高科	荃银高科	None
精准信息	尤洛卡	None
锐奇股份	锐奇股份	None
泰胜风能	泰胜风能	None
东吴证券	东吴申购	None
碧水源	碧水源	None
国联水产	国联水产	None
高新兴	高新兴	None
海南矿业	海矿申购	None
天鹅股份	天鹅申购	None
吉药控股	双龙股份	None
华泰证券	华泰申购	None
星宇股份	星宇申购	None
华中数控	华中数控	None
振芯科技	国腾电子	None
力源信息	力源信息	None
中国核建	核建申购	核建转债
华策影视	华策影视	None
力帆科技	力帆申购	None
达刚控股	达刚路机	None
贵阳银行	贵银申购	None
美思德	美思申购	None
中国电建	水电申购	None
中环装备	启源装备	None
皖新传媒	皖新申购	None
方正证券	方正申购	None
朗源股份	朗源股份	None
中煤能源	中煤申购	None
金通灵	金通灵	None
数码视讯	数码视讯	None
海天精工	海天申购	None
晶方科技	晶方申购	None
中国重工	中重申购	None
中海油服	油服申购	None
拓普集团	拓普申购	None
瑞普生物	瑞普生物	None
易联众	易联众	None
滨化股份	滨化申购	None
中国汽研	汽研申购	None
中国中免	国旅申购	None
晨光生物	晨光生物	None
万盛股份	万盛申购	None
凤凰传媒	凤凰申购	None
顺网科技	顺网科技	None
新宏泰	宏泰申购	None
中国交建	中交申购	None
金隅集团	不详	None
银河磁体	银河磁体	None
智云股份	智云股份	None
玲珑轮胎	玲珑申购	None
晓程科技	福星晓程	None
中衡设计	园区申购	None
招商轮船	招船申购	None
爱普股份	爱普申购	None
中国石油	石油申购	None
如通股份	如通申购	None
宝钢包装	宝钢申购	None
华仁药业	华仁药业	None
建设银行	建行申购	None
京运通	京运申购	None
森特股份	森特申购	None
中航电测	中航电测	None
全筑股份	全筑申购	全筑转债
喜临门	喜临申购	None
东富龙	东富龙	None
通源石油	通源石油	None
西部牧业	西部牧业	None
金钼股份	金钼申购	None
中材节能	中材申购	None
华设集团	设计申购	None
中国科传	科传申购	None
中海达	中海达	None
千禾味业	千禾申购	None
信维通信	信维通信	None
昌红科技	昌红科技	昌红转债
睿智医药	量子高科	None
永清环保	永清环保	None
先锋新材	先锋新材	None
科泰电源	科泰电源	None
汤臣倍健	汤臣倍健	None
德新交运	德新申购	None
东方国信	东方国信	None
宋城演艺	宋城股份	None
三维股份	三维申购	None
世纪瑞尔	世纪瑞尔	None
永吉股份	永吉申购	永吉转债
长白山	长白申购	None
华峰超纤	华峰超纤	None
ST泛微	泛微申购	None
元力股份	元力股份	元力转债
东软载波	东软载波	None
汇嘉时代	汇嘉申购	None
宁波精达	精达申购	None
科林电气	科林申购	None
华脉科技	华脉申购	None
通裕重工	通裕重工	None
红蜻蜓	蜻蜓申购	None
音飞储存	音飞申购	None
金能科技	金能申购	金能转债
腾邦退	腾邦国际	None
和邦生物	和邦申购	None
海量数据	海量申购	None
神农科技	神农大丰	None
潜能恒信	潜能恒信	None
维尔利	维尔利	维尔转债
华贸物流	华贸申购	None
网达软件	网达申购	None
科德教育	科斯伍德	None
金牌厨柜	金牌申购	None
理邦仪器	理邦仪器	None
苏盐井神	井神申购	None
上海亚虹	亚虹申购	None
迪贝电气	迪贝申购	迪贝转债
荣晟环保	荣晟申购	荣晟转债
*ST海伦	海伦哲	None
长荣股份	长荣股份	None
德创环保	德创申购	None
天喻信息	天喻信息	None
上海洗霸	洗霸申购	None
福达股份	福达申购	None
永利股份	永利带业	None
恒通股份	恒通申购	None
雪峰科技	雪峰申购	None
飞力达	飞力达	None
江山欧派	欧派申购	江山转债
福安药业	福安药业	None
上海新阳	上海新阳	None
长海股份	长海股份	长海转债
诺邦股份	诺邦申购	None
易华录	易华录	None
东宝生物	东宝生物	None
景旺电子	景旺申购	景20转债
北京君正	北京君正	None
迪安诊断	迪安诊断	None
青岛中程	恒顺电气	None
节能铁汉	铁汉生态	铁汉转债
信捷电气	信捷申购	None
安利股份	安利股份	None
日播时尚	日播申购	None
瑞丰高材	瑞丰高材	瑞丰转债
电魂网络	电魂申购	None
精锻科技	精锻科技	None
苏利股份	苏利申购	苏利转债
浙江鼎力	鼎力申购	None
纳川股份	纳川股份	None
金石资源	金石申购	None
兴源环境	兴源过滤	None
集友股份	集友申购	None
禾丰股份	禾丰申购	禾丰转债
日科化学	日科化学	None
天龙股份	天龙申购	None
拓尔思	拓尔思	拓尔转债
亚邦股份	亚邦申购	None
引力传媒	引力申购	None
金力泰	金力泰	None
鸿利智汇	鸿利光电	None
海鸥股份	海鸥申购	None
海天味业	海天申购	None
家家悦	家家申购	家悦转债
华懋科技	华懋申购	None
常山药业	常山药业	None
保隆科技	保隆申购	None
海联讯	海联讯	None
银信科技	银信科技	银信转债
应流股份	应流申购	None
安记食品	安记申购	None
隆华科技	隆华传热	隆华转债
洲明科技	洲明科技	None
朗玛信息	朗玛信息	None
水发燃气	派思申购	None
绝味食品	绝味申购	None
汇金通	汇通申购	None
苏农银行	吴银申购	苏农转债
国瓷材料	国瓷材料	None
通光线缆	通光线缆	通光转债
珈伟新能	珈伟股份	None
荣科科技	荣科科技	None
湘油泵	湘泵申购	None
方直科技	方直科技	None
开能健康	开能环保	None
健盛集团	健盛申购	None
卫宁健康	卫宁软件	卫宁转债
美晨生态	美晨科技	None
诚意药业	诚意申购	None
宏辉果蔬	宏辉申购	宏辉转债
济民医疗	济民申购	None
东方时尚	东方申购	东时转债
联泰环保	联泰申购	联泰转债
沐邦高科	邦宝申购	None
新莱应材	新莱应材	None
奇精机械	奇精申购	奇精转债
晨光股份	晨光申购	None
同有科技	同有科技	None
东方电缆	东方申购	None
ST联建	联建光电	None
惠达卫浴	惠达申购	None
云意电气	云意电气	None
宁波高发	高发申购	None
隆鑫通用	隆鑫申购	None
普莱柯	普莱申购	None
亚振家居	亚振申购	None
*ST博天	博天申购	None
诚邦股份	诚邦申购	None
莱克电气	莱克申购	None
融捷健康	桑乐金	None
金徽酒	金徽申购	None
尔康制药	尔康制药	None
海利尔	海利申购	None
佳云科技	明家科技	None
金城医药	金城医药	None
*ST吉艾	吉艾科技	None
日出东方	日出申购	None
伟明环保	伟明申购	None
中威电子	中威电子	None
晶盛机电	晶盛机电	None
麦克奥迪	麦迪电气	None
金明精机	金明精机	None
中颖电子	中颖电子	None
星光农机	星光申购	None
太平鸟	太平申购	太平转债
中通国脉	中通申购	None
司太立	司太申购	None
海伦钢琴	海伦钢琴	None
吉翔股份	华龙申购	None
紫天科技	南通锻压	None
华宇软件	紫光华宇	None
百纳千成	华录百纳	None
华友钴业	华友申购	华友转债
塞力医疗	塞力申购	塞力转债
美诺华	美诺申购	美诺转债
光线传媒	光线传媒	None
福斯特	福斯申购	None
海达股份	海达股份	None
柳药集团	柳药申购	柳药转债
津膜科技	津膜科技	None
和晶科技	和晶科技	None
新开普	新开普	None
威龙股份	威龙申购	None
科恒股份	科恒股份	None
三祥新材	三祥申购	None
能科科技	能科申购	None
九洲药业	九洲申购	None
永艺股份	永艺申购	None
巴安水务	巴安水务	None
吴通控股	吴通通讯	None
永创智能	永创申购	None
科森科技	科森申购	None
安图生物	安图申购	None
镇海股份	镇海申购	None
*ST邦讯	邦讯技术	None
泰禾智能	泰禾申购	None
嘉澳环保	嘉澳申购	嘉澳转债
麦捷科技	麦捷科技	None
桃李面包	桃李申购	None
纽威股份	纽威申购	None
*ST长方	长方照明	None
旋极信息	旋极信息	None
温州宏丰	温州宏丰	宏丰转债
好莱客	好莱申购	好客转债
坤彩科技	坤彩申购	None
联创股份	联创节能	None
盛洋科技	盛洋申购	None
航天工程	航天申购	None
蓝英装备	蓝英装备	None
石英股份	石英申购	石英转债
ST三盛	汇冠股份	None
苏大维格	苏大维格	None
三六五网	三六五网	None
海峡创新	汉鼎股份	None
道森股份	道森申购	None
白云电器	白云申购	白电转债
富春股份	富春通信	None
元祖股份	元祖申购	None
朗迪集团	朗迪申购	None
步长制药	步长申购	None
硕贝德	硕贝德	None
来伊份	伊份申购	None
常青股份	常青申购	None
海峡环保	海峡申购	海环转债
世运电路	世运申购	世运转债
博晖创新	博晖创新	None
曲美家居	曲美申购	None
同大股份	同大股份	None
迪森股份	迪森股份	迪森转债
莱绅通灵	通灵申购	None
南大光电	南大光电	None
华民股份	红宇新材	None
三联虹普	三联虹普	None
立方数科	太空板业	None
泰格医药	泰格医药	None
雪浪环境	雪浪环境	None
我武生物	我武生物	None
蒙草生态	蒙草抗旱	None
兴业股份	兴业申购	None
楚天科技	楚天科技	None
全通教育	全通教育	None
炬华科技	炬华科技	None
飞天诚信	飞天诚信	None
中铁装配	恒通科技	None
赢时胜	赢时胜	None
飞凯材料	飞凯材料	飞凯转债
长亮科技	长亮科技	None
克来机电	克来申购	None
永贵电器	永贵电器	None
至正股份	至正申购	None
醋化股份	醋化申购	None
博敏电子	博敏申购	None
方盛制药	方盛制药	None
中光防雷	中光防雷	None
银龙股份	银龙申购	None
恒华科技	恒华科技	None
天华超净	天华超净	None
东华测试	东华测试	None
汉宇集团	地尔汉宇	None
读者传媒	读者申购	None
安硕信息	安硕信息	None
大千生态	大千申购	None
航新科技	航新科技	航新转债
凯发电气	凯发电气	凯发转债
百利科技	百利申购	None
法兰泰克	法兰申购	法兰转债
*ST安控	安控股份	None
*ST光一	光一科技	None
美康生物	美康生物	None
富邦股份	富邦股份	None
中密控股	日机密封	None
华图山鼎	山鼎设计	None
双杰电气	双杰电气	None
中来股份	中来股份	None
赛摩智能	赛摩电气	None
三环集团	三环集团	None
伊之密	伊之密	None
菲利华	菲利华	None
濮阳惠成	濮阳惠成	None
易事特	易事特	None
香农芯创	聚隆科技	None
惠伦晶体	惠伦晶体	None
厚普股份	厚普股份	None
五洋停车	五洋科技	None
维宏股份	维宏股份	None
四方精创	四方精创	None
国泰集团	国泰申购	None
江龙船艇	江龙船艇	None
先导智能	先导股份	None
天孚通信	天孚通信	None
蓝海华腾	蓝海华腾	None
广生堂	广生堂	None
昊志机电	昊志机电	None
久之洋	久之洋	None
胜宏科技	胜宏科技	None
艾华集团	艾华申购	艾华转债
富临精工	富临精工	None
博创科技	博创科技	None
康德莱	康德申购	None
运达科技	运达科技	None
中达安	达安股份	None
新元科技	新元科技	None
继峰股份	继峰申购	None
天能重工	天能重工	天能转债
横河精密	横河模具	横河转债
洛阳钼业	洛钼申购	None
容大感光	容大感光	None
蓝晓科技	蓝晓科技	蓝晓转债
博世科	博世科	博世转债
海波重科	海波重科	海波转债
雄帝科技	雄帝科技	None
正业科技	正业科技	None
透景生命	透景生命	None
美联新材	美联新材	美联转债
华铭智能	华铭智能	None
苏试试验	苏试试验	苏试转债
雄塑科技	雄塑科技	None
星源材质	星源材质	None
恒锋信息	恒锋信息	None
星徽股份	星徽精密	None
汇纳科技	汇纳科技	None
蜀道装备	深冷股份	None
中泰股份	中泰股份	None
立中集团	四通新材	None
博士眼镜	博士眼镜	None
移为通信	移为通信	None
中孚信息	中孚信息	None
美力科技	美力科技	美力转债
通合科技	通合科技	None
普丽盛	普丽盛	None
和仁科技	和仁科技	None
集智股份	集智股份	None
广信材料	广信材料	None
寒锐钴业	寒锐钴业	None
路通视信	路通视信	None
康斯特	康斯特	None
名家汇	名家汇	None
英飞特	英飞特	None
激智科技	激智科技	None
国瑞科技	瑞特股份	None
正海生物	正海生物	None
贝斯特	贝斯特	贝斯转债
赢合科技	赢合科技	None
江苏雷利	江苏雷利	None
数字认证	数字认证	None
欣天科技	欣天科技	None
启迪设计	苏州设计	None
富祥药业	富祥股份	None
盛讯达	盛讯达	None
凯普生物	凯普生物	None
欧普康视	欧普康视	None
赛托生物	赛托生物	None
新美星	新美星	None
杭州高新	杭州高新	None
同益股份	同益股份	None
新雷能	新雷能	None
海顺新材	海顺新材	None
中亚股份	中亚股份	None
苏奥传感	苏奥传感	None
光力科技	光力科技	None
农尚环境	农尚环境	None
川环科技	川环科技	None
中国国贸	中国国贸	None
温氏股份	不详	温氏转债
晶瑞电材	晶瑞股份	晶瑞转2
科信技术	科信技术	None
奥联电子	奥联电子	None
新光药业	新光药业	None
雪榕生物	雪榕申购	雪榕转债
弘信电子	弘信电子	None
会畅通讯	会畅通讯	None
优博讯	优博讯	None
华夏银行	华夏申购	None
尚品宅配	尚品宅配	None
熙菱信息	熙菱信息	None
今天国际	今天国际	None
古鳌科技	古鳌科技	None
普利制药	普利制药	普利转债
宣亚国际	宣亚国际	None
包钢股份	钢联申购	None
诚迈科技	诚迈科技	None
飞荣达	飞荣达	None
金太阳	金太阳	None
扬帆新材	扬帆新材	None
拓斯达	拓斯达	拓斯转债
利安隆	利安隆	None
思特奇	思特奇	思特转债
民德电子	民德电子	None
立昂技术	立昂技术	None
圣邦股份	圣邦股份	None
科蓝软件	科蓝软件	None
光库科技	光库科技	None
民生银行	民生申购	None
首创环保	首创股份	None
宝钢股份	宝钢申购	None
皖通高速	皖通配售	None
山东钢铁	济钢配售	None
古越龙山	古越龙山	None
中远海能	中海申购	None
浙能电力	不详	None
南京高科	不详	None
华电国际	华电配售	None
中国联通	联通配售	None
九鼎投资	江西纸业	None
广州发展	广发电力	None
中信证券	中信配售	None
中国医药	中技贸易　	None
东望时代	浙江广厦	None
华润双鹤	双鹤药业	None
黄山旅游	黄山旅游	None
青山纸业	不详	None
中国石化	石化申购	None
皖维高新	皖维股份	None
康欣新材	不详	None
新疆天业	新疆天业	None
歌华有线	歌华申购	None
凤凰光学	凤凰光学	None
中船科技	江南重工	None
五矿发展	五矿发展	None
国网信通	岷江水电	None
美尔雅	美尔雅	None
郑州煤电	不详	None
湘财股份	哈高科	None
中视传媒	中视股份	None
特变电工	不详	None
上海梅林	上海梅林	None
上汽集团	上海汽车	None
ST宏图	宏图高科	None
波导股份	波导股份	None
乐凯胶片	乐凯胶片	None
明星电力	不详	None
诺德股份	长春热缩	None
杭钢股份	杭钢股份	None
开创国际	不详	None
航天机电	航天机电	None
长江投资	长江投资	None
中青旅	中青旅	None
上海建工	上海建工	None
*ST西源	不详	None
太极集团	不详	None
中国东航	东方航空	None
永鼎股份	永鼎光缆	永鼎转债
维科技术	敦煌集团	None
东湖高新	东湖高新	东湖转债
香江控股	山东临工	None
大龙地产	宁城老窖	None
冠城大通	不详	None
浪莎股份	不详	None
万东医疗	万东医疗	None
重庆路桥	不详	None
中国巨石	中国化建	None
海泰发展	津百股份	None
云天化	不详	None
金健米业	不详	None
铜峰电子	铜峰申购	None
退市环球	大元股份	None
青海华鼎	华鼎申购	None
全柴动力	全柴动力	None
东安动力	东安动力	None
雅戈尔	雅戈尔	None
伊力特	伊力特	伊力转债
亚星客车	亚星客车	None
酒钢宏兴	酒钢申购	None
ST华仪	苏福申购	None
泉阳泉	吉林森工	None
海正药业	海正申购	None
首旅酒店	首旅股份	None
安通控股	黑化股份	None
南山铝业	南山实业	None
莲花健康	莲花味精	None
江苏吴中	江苏吴中	None
安迪苏	星新申购	None
宝光股份	宝光申购	None
陕西建工	秦丰农业	None
大唐电信	大唐电信	None
退市罗顿	罗顿旅业	None
东方创业	创业申购	None
返利科技	昌九股份	None
万通发展	先锋申购	None
兖矿能源	兖州煤业	None
广汇汽车	美罗申购	广汇转债
重庆港	重庆港九	None
钱江水利	钱江申购	None
江山股份	江山申购	None
宏达股份	宏达申购	None
恒顺醋业	恒顺申购	None
万华化学	万华申购	None
*ST景谷	景谷申购	None
华微电子	华微申购	None
桂东电力	桂电申购	None
长城电工	长城电工	None
中恒集团	中恒申购	None
大湖股份	洞庭水殖	None
ST通葡	通葡申购	None
维维股份	维维股份	None
亚星化学	亚星化学	None
桂冠电力	桂冠电力	None
五矿资本	金瑞申购	None
华夏幸福	国祥配售	None
正源股份	国栋申购	None
首开股份	宝业申购	None
*ST荣华	荣华申购	None
退市昌鱼	昌鱼申购	None
红星发展	红星申购	None
新湖中宝	戴梦得	None
平高电气	平高申购	None
ST商城	商城申购	None
北方股份	北方申购	None
安泰集团	安泰配售	None
中文传媒	鑫新申购	None
嘉化能源	华芳配售	None
浙江龙盛	龙盛配售	None
华泰股份	华泰申购	None
北巴传媒	北巴申购	None
安源煤业	安源配售	None
恒力石化	冰山橡塑	None
紫江企业	紫江企业　	None
柳化股份	柳化配售	None
片仔癀	片癀配售	None
汉马科技	星马配售	None
大恒科技	大恒申购	None
宁沪高速	宁沪申购	None
敦煌种业	敦种配售	None
贵研铂业	贵研配售	None
五洲交通	五洲申购	None
动力源	动力配售	None
圆通速递	大杨创世	None
时代新材	时代配售	None
恒丰纸业	恒丰申购	None
昊华科技	天科申购	None
ST基础	一投配售	None
国旅联合	国旅申购	None
青海春天	白鹿申购	None
达仁堂	中新申购	None
湘电股份	湘电配售	None
国电南瑞	南瑞配售	None
亨通光电	亨通配售	亨通转债
江淮汽车	江汽申购	None
安徽建工	水利配售	None
长江通信	长通申购	None
华阳股份	国阳配售	None
西南证券	长江申购	None
开开实业	开开增发	None
ST龙净	龙净申购	龙净转债
ST广珠	明珠申购	None
华鲁恒升	华鲁配售	None
华光环能	华光配售	None
风神股份	风神配售	None
江西铜业	江铜申购	None
文一科技	三佳申购	None
航发科技	成发申购	None
冠豪高新	冠豪配售	None
鹏欣资源	中科配售	None
上海能源	能源申购	None
大东方	大厦配售	None
三元股份	三元配售	None
宝钛股份	宝钛申购	None
ST九有	石纸配售	None
博通股份	博通配售	None
盘江股份	盘江申购	None
涪陵电力	涪电配售	None
华海药业	华海配售	华海转债
宁波韵升	韵升申购	None
国网英大	置信配售	None
金地集团	金地申购	None
千金药业	千金配售	None
天润乳业	天宏申购	None
抚顺特钢	抚钢申购	None
好当家	当家配售	None
金证股份	金证配售	None
福能股份	南纺配售	福能转债
红豆股份	红豆申购	None
贵州茅台	茅台申购	None
瑞贝卡	瑞贝配售	None
六国化工	六国配售	None
杭萧钢构	杭萧配售	None
龙元建设	龙元配售	None
科达制造	科达配售	None
中化国际	中化国际	None
西昌电力	西电申购	None
天富能源	天富申购	None
栖霞建设	栖霞申购	None
中天科技	中天配售	None
卓郎智能	城建配售	None
豫光金铅	豫光配售	None
老凤祥	不详	None
青岛啤酒	不详	None
山东黄金	黄金配售	None
交大昂立	昂立申购	None
大西洋	大洋申购	None
海立股份	不详	None
亿晶光电	海通配售	None
国发股份	国发配售	None
八一钢铁	八钢配售	None
新赛股份	新赛配售	None
海螺水泥	海螺申购	None
长电科技	长电配售	None
厦门钨业	厦钨配售	None
ST熊猫	花炮申购	None
莫高股份	莫高配售	None
ST榕泰	榕泰申购	None
国睿科技	高陶配售	None
光明乳业	光明配售	None
山煤国际	化建配售	None
中毅达	不详	None
狮头股份	狮头申购	None
新世界	不详	None
精达股份	精达配售	精达转债
山鹰国际	山鹰纸业	鹰19转债
未来股份	华阳配售	None
天宸股份	不详	None
北大荒	北荒申购	None
凯盛科技	方兴配售	None
市北高新	不详	None
海油工程	海油申购	None
华鑫股份	不详	None
*ST海创	茉织增发	None
新华医疗	新华配售	None
申达股份	不详	None
ST沪科	不详	None
济川药业	洪城申购	济川转债
金枫酒业	不详	None
申能股份	不详	None
氯碱化工	不详	None
新国脉	不详	None
东方明珠	不详	None
爱建集团	不详	None
中源协和	不详	None
万业企业	不详	None
龙头股份	不详	None
陆家嘴	不详	None
川投能源	不详	川投转债
中华企业	不详	None
浙数文化	不详	None
交运股份	不详	None
中船防务	不详	None
ST目药	不详	None
珠江股份	不详	None
同达创业	不详	None
南宁百货	南宁百货	None
物产中大	中大股份	None
城投控股	不详	None
三安光电	活力28	None
东百集团	不详	None
外服控股	不详	None
电子城	不详	None
海尔智家	不详	None
天津港	不详	None
盛屯矿业	不详	None
曲江文旅	不详	None
光明地产	东海股份	None
四川金顶	不详	None
中航产融	不详	None
阳煤化工	不详	None
上海石化	不详	None
彩虹股份	不详	None
退市绿庭	不详	None
ST热电	大连热电	None
文投控股	松辽汽车	None
百花医药	不详	None
金牛化工	不详	None
祁连山	祁连山	None
新华锦	不详	None
湖南海利	湖南海利	None
宁波富达	富达电器	None
一汽富维	一汽四环	None
重庆百货	不详	None
华远地产	幸福实业	None
辽宁成大	辽宁成大	None
海航科技	不详	None
新钢股份	新华股份	None
*ST园城	不详	None
中国海防	三星石化	None
苏州高新	苏州高新	None
浪潮软件	不详	None
南京熊猫	南京熊猫	None
东方银星	冰熊股份	None
山西焦化	不详	None
华域汽车	巴士股份	None
东方通信	东方通信	None
江中药业	东风药业	None
水井坊	四川制药	None
新华百货	新华百货	None
中储股份	不详	None
中航沈飞	不详	None
宁波富邦	宁波华通	None
浙大网新	浙江天然	None
友好集团	新疆友好	None
宇通重工	不详	None
新奥股份	不详	None
马钢股份	不详	None
福建水泥	不详	None
渤海化学	不详	None
华北制药	不详	None
华新水泥	不详	None
中路股份	不详	None
厦工股份	不详	None
兰生股份	不详	None
海通证券	不详	None
益民集团	不详	None
退市中天	不详	None
四川长虹	不详	None
上工申贝	不详	None
京城股份	不详	None
神马股份	不详	None
浙文互联	科达配售	None
香溢融通	不详	None
宝信软件	不详	None
第一医药	不详	None
申通地铁	不详	None
贵绳股份	贵绳配售	None
内蒙一机	北创配售	None
银座股份	不详	None
海欣股份	不详	None
春兰股份	不详	None
星湖科技	不详	None
上海机电	不详	None
建设机械	建设配售	None
王府井	不详	None
北京城乡	不详	None
退市厦华	不详	None
金陵饭店	金陵申购	None
同济科技	不详	None
梅花生物	不详	None
柳钢股份	柳钢申购	None
渤海汽车	活塞配售	None
福成股份	福成配售	None
中材国际	中材配售	None
宝胜股份	宝胜配售	None
恒源煤电	恒源配售	None
北矿科技	北矿配售	None
中炬高新	不详	None
东方证券	东方申购	None
国投中鲁	国投配售	None
宁波能源	热电配售	None
远东股份	青海三普	None
招商证券	招商申购	None
石化油服	不详	None
陕西黑猫	黑猫申购	None
宝泰隆	泰隆申购	None
唐山港	唐港申购	None
文山电力	文山配售	None
晋控煤业	大同申购	None
赤峰黄金	宝龙配售	None
宁波港	宁港申购	None
连云港	云港申购	None
文峰股份	文峰申购	None
中国国航	国航申购	None
华钰矿业	华钰申购	华钰转债
四川成渝	成渝申购	None
东兴证券	东兴申购	None
西部矿业	西矿申购	None
博威合金	博威申购	None
赛轮轮胎	赛轮申购	None
四方股份	四方申购	None
西部黄金	黄金申购	None
中国铁建	铁建申购	None
深圳燃气	燃气申购	None
ST华鼎	华鼎申购	None
东材科技	东材申购	None
中国化学	中化申购	None
江南水务	江南申购	None
杭齿前进	杭齿申购	None
三角轮胎	三角申购	None
新城控股	不详	None
华电重工	华电申购	None
林洋能源	林洋申购	None
君正集团	君正申购	None
上海银行	上银申购	上银转债
兴业证券	兴业申购	None
九牧王	九牧申购	None
绿城水务	绿城申购	None
怡球资源	怡球申购	None
通用股份	通用申购	None
交通银行	交行申购	None
会稽山	会稽申购	None
中信重工	中信申购	None
新华保险	新华申购	None
宁波建工	宁建申购	None
桐昆股份	桐昆申购	None
正泰电器	正泰申购	None
风范股份	风范申购	None
上海医药	不详	None
上海电影	上影申购	None
浙商证券	浙商申购	None
中国银河	银河申购	中银转债
光大银行	光大申购	光大转债
中国太保	太保申购	None
亚星锚链	亚星申购	None
新华文轩	文轩申购	None
紫金矿业	紫金申购	None
南方传媒	南方申购	None
蓝科高新	蓝科申购	None
光大证券	光大申购	None
潞安环能	潞安申购	None
中远海发	集运申购	None
江河集团	江河申购	None
辽港股份	大连申购	None
新集能源	新集申购	None
中国核电	中核申购	None
中远海控	远洋申购	None
永辉超市	永辉申购	None
苏垦农发	苏垦申购	None
吉视传媒	吉视申购	吉视转债
中国银行	中行申购	None
中信银行	中信申购	中信转债
出版传媒	出版申购	None
人民网	人民申购	None
宏昌电子	宏昌申购	None
奥康国际	奥康申购	None
丰林集团	丰林申购	None
龙宇燃油	龙宇申购	None
创力集团	创力申购	None
北特科技	北特申购	None
威帝股份	威帝申购	None
ST花王	花王申购	花王转债
中科曙光	曙光申购	None
华立股份	华立申购	None
联明股份	联明申购	None
赛福天	赛福申购	None
石大胜华	石大申购	None
山东华鹏	华鹏申购	None
合锻智能	合锻申购	None
安德利	安德申购	None
海汽集团	海汽申购	None
江化微	江化申购	None
常熟汽饰	常汽申购	None
凯众股份	凯众申购	None
大豪科技	大豪申购	None
新坐标	坐标申购	None
弘讯科技	弘讯申购	None
新通联	新联申购	None
国检集团	国检申购	None
振华股份	振华申购	None
大丰实业	大丰申购	大丰转债
新经典	经典申购	None
川仪股份	川仪申购	None
正裕工业	正裕申购	正裕转债
天成自控	天成申购	None
润达医疗	润达申购	润达转债
渤海轮渡	渤海申购	None
先达股份	先达申购	None
康尼机电	康尼申购	None
ST万林	万林申购	None
宏盛股份	宏盛申购	None
共进股份	共进申购	None
碳元科技	碳元申购	None
汇顶科技	汇顶申购	None
翠微股份	翠微申购	None
上海沪工	沪工申购	沪工转债
康惠制药	康惠申购	None
腾龙股份	腾龙申购	None
圣龙股份	圣龙申购	None
莎普爱思	莎普申购	None
华正新材	华正申购	华正转债
兰石重装	兰石申购	None
浙江仙通	仙通申购	None
迎驾贡酒	迎驾申购	None
日月股份	日月申购	None
新凤鸣	新凤申购	凤21转债
维力医疗	维力申购	None
新泉股份	新泉申购	None
杭叉集团	杭叉申购	杭叉转债
松发股份	松发申购	None
四方科技	四方申购	None
金海高科	金海申购	None
尚纬股份	明星申购	None
得邦照明	得邦申购	None
华达科技	华达申购	None
九华旅游	九华申购	None
依顿电子	依顿申购	None
我乐家居	我乐申购	None
快克股份	快克申购	None
奥翔药业	奥翔申购	None
格尔软件	格尔申购	None
上海天洋	天洋申购	None
日盈电子	日盈申购	None
安井食品	安井申购	None
百傲化学	百傲申购	None
华铁应急	华铁申购	None
福鞍股份	福鞍申购	None
梦百合	恒康申购	None
超讯通信	超讯申购	None
杰克股份	杰克申购	None
今世缘	今缘申购	None
新天然气	新天申购	None
鼎信通讯	鼎信申购	None
顶点软件	顶点申购	None
吉比特	吉比申购	None
恒为科技	恒为申购	None
元成股份	元成申购	None
展鹏科技	展鹏申购	None
多伦科技	多伦申购	多伦转债
思维列控	思维申购	None
欧普照明	欧普申购	None
贵人鸟	贵人申购	None
立霸股份	立霸申购	None
韦尔股份	韦尔申购	韦尔转债
珍宝岛	珍宝申购	None
海兴电力	海兴申购	None
三星新材	三星申购	None
锦泓集团	维格申购	维格转债
长久物流	长久申购	长久转债
金麒麟	金麒申购	None
荣泰健康	荣泰申购	荣泰转债
高能环境	高能申购	None
口子窖	口子申购	None
艾艾精工	艾艾申购	None
广信股份	广信申购	None
杭电股份	杭电申购	杭电转债
天创时尚	天创申购	天创转债
茶花股份	茶花申购	None
韩建河山	韩建申购	None
徕木股份	徕木申购	None
康隆达	康隆申购	None
清源股份	清源申购	None
再升科技	再升申购	None
艾迪精密	艾迪申购	艾迪转债
拉芳家化	拉芳申购	None
五洲新春	五洲申购	新春转债
今创集团	今创申购	None
天马科技	天马申购	None
火炬电子	火炬申购	火炬转债
天域生态	天域申购	None
皖天然气	皖天申购	皖天转债
博迈科	博迈申购	None
诺力股份	诺力申购	None
南威软件	南威申购	None
苏州科达	科达申购	科达转债
福龙马	龙马申购	None
至纯科技	至纯申购	None
海利生物	海利申购	None
德宏股份	德宏申购	None
灵康药业	灵康申购	灵康转债
鸣志电器	鸣志申购	None
中马传动	中马申购	None
乾景园林	乾景申购	None
泰晶科技	泰晶申购	None
康普顿	康普申购	None
三棵树	三棵申购	None
新日股份	新日申购	None
秦安股份	秦安申购	None
顾家家居	顾家申购	None
神力股份	神力申购	None
龙韵股份	龙韵申购	None
永安行	永安申购	永安转债
歌力思	歌力申购	None
瑞斯康达	瑞斯申购	None
武进不锈	武进申购	None
柯利达	柯利申购	None
百合花	百合申购	None
欧派家居	欧派申购	None
安正时尚	安正申购	None
华荣股份	华荣申购	None
新华网	新华申购	None
新智认知	北部申购	None
四通股份	四通申购	None
建发合诚	合诚申购	None
老百姓	百姓申购	None
飞科电器	飞科申购	None
金诚信	金诚申购	金诚转债
城地香江	城地申购	城地转债
中电电机	中电申购	None
金桥信息	金桥申购	None
吉祥航空	吉祥申购	None
正平股份	正平申购	None
龙蟠科技	龙蟠申购	None
麦迪科技	麦迪申购	None
兆易创新	兆易申购	None
中持股份	中持申购	None
亚翔集成	亚翔申购	None
铁流股份	铁流申购	None
新澳股份	新澳申购	None
数据港	数据申购	None
寿仙谷	寿仙申购	寿仙转债
牧高笛	牧高申购	None
益丰药房	益丰申购	None
恒润股份	恒润申购	None
哈森股份	哈森股份	None
蓝焰控股	神州股份	None
纳思达	万力达	None
奥佳华	蒙发利	奥佳转债
长缆科技	长缆科技	None
金财互联	丰东股份	None
卫光生物	卫光生物	None
美格智能	美格智能	None
江丰电子	江丰电子	江丰转债
飞鹿股份	飞鹿股份	飞鹿转债
菲林格尔	菲林申购	None
地素时尚	地素申购	None
惠发食品	惠发申购	None
华体科技	华体申购	华体转债
永悦科技	永悦申购	None
宏创控股	鲁丰股份	None
吉华集团	吉华申购	None
迪生力	迪生申购	None
易德龙	易德申购	None
金龙羽	金龙羽	None
杰恩设计	杰恩设计	None
恒信东方	恒信移动	None
必创科技	必创科技	None
中设股份	中设股份	None
广州酒家	酒家申购	None
ST众泰	金马申购	None
爱旭股份	上海港机	None
天首退	民族集团	None
三孚股份	三孚申购	None
巨人网络	世纪游轮	None
沪宁股份	沪宁股份	None
如意集团	山东如意	None
ST海航	海南航空	None
沃特股份	沃特股份	None
君禾股份	君禾申购	君禾转债
志邦家居	志邦申购	None
京泉华	京泉华	None
富满微	富满电子	None
大烨智能	大烨智能	None
ST瀚叶	升华拜克	None
*ST皇台	皇台酒业	None
睿能科技	睿能申购	None
百达精工	百达申购	百达转债
国美通讯	不详	None
光启技术	龙生股份	None
科隆股份	科隆精化	None
岱美股份	岱美申购	None
旭升股份	旭升申购	升21转债
大元泵业	大元申购	None
国科微	国科微	None
东尼电子	东尼申购	None
建科院	建科院	None
基蛋生物	基蛋申购	None
凌霄泵业	凌霄泵业	None
藏格矿业	河北华玉	None
绿茵生态	绿茵生态	绿茵转债
华大基因	华大基因	None
佩蒂股份	佩蒂股份	佩蒂转债
索通发展	索通申购	None
健友股份	健友申购	健友转债
佳沃食品	万福生科	None
惠威科技	惠威科技	None
英科医疗	英科医疗	英科转债
嘉泽新能	嘉泽申购	嘉泽转债
卫信康	卫信申购	None
中科信息	中科信息	None
秦港股份	秦港申购	None
盈康生命	星河生物	None
汉威科技	汉威电子	None
东方嘉盛	东方嘉盛	None
禾望电气	禾望申购	None
电连技术	电连技术	None
隆盛科技	隆盛科技	None
大参林	参林申购	大参转债
英搏尔	英搏尔	None
朗新科技	朗新科技	朗新转债
设计总院	设计申购	None
创世纪	劲胜股份	None
华扬联众	华扬申购	None
智动力	智动力	None
汤姆猫	浙江金科	None
南卫股份	南卫申购	None
中公高科	中公申购	None
海特生物	海特生物	None
嘉诚国际	嘉诚申购	None
弘宇股份	弘宇股份	None
艾德生物	艾德生物	None
勘设股份	勘设申购	None
赛意信息	赛意信息	None
中曼石油	中曼申购	None
深圳新星	新星申购	新星转债
东珠生态	东珠申购	None
中广天择	中广申购	None
联合光电	联合光电	None
纵横通信	纵横申购	纵横转债
双一科技	双一科技	None
创业黑马	创业黑马	None
澄天伟业	澄天伟业	None
中宠股份	中宠股份	None
科力尔	科力尔	None
中环环保	中环环保	中环转2
盛弘股份	盛弘股份	None
中国出版	出版申购	None
春风动力	春风申购	None
正川股份	正川申购	正川转债
皇马科技	皇马申购	None
ST起步	起步申购	起步转债
华通热力	华通热力	None
昭衍新药	昭衍申购	None
兆丰股份	兆丰股份	None
川恒股份	川恒股份	川恒转债
原尚股份	原尚申购	None
爱乐达	爱乐达	None
圣达生物	圣达申购	None
万马科技	万马科技	None
光威复材	光威复材	None
建研院	建研申购	None
祥和实业	祥和申购	None
众源新材	众源申购	None
电工合金	电工合金	None
中大力德	中大力德	中大转债
天安新材	天安申购	None
意华股份	意华股份	None
赛隆药业	赛隆药业	None
银都股份	银都申购	None
金域医学	金域申购	None
骏亚科技	骏亚申购	None
岱勒新材	岱勒新材	None
英派斯	英派斯	None
畅联股份	畅联申购	None
梅轮电梯	梅轮申购	None
天宇股份	天宇股份	None
掌阅科技	掌阅申购	None
恒银科技	恒银申购	None
台华新材	台华申购	台21转债
森霸传感	森霸股份	None
哈三联	哈三联	None
金鸿顺	金鸿申购	None
大理药业	理药申购	None
大博医疗	大博医疗	None
世纪天鸿	世纪天鸿	None
傲农生物	傲农申购	傲农转债
创源股份	创源文化	None
辰欣药业	辰欣申购	None
国芳集团	国芳申购	None
亚士创能	亚士申购	None
铭普光磁	铭普光磁	None
九典制药	九典制药	九典转债
阿石创	阿石创	None
横店影视	横店申购	None
天目湖	天目申购	None
宇环数控	宇环数控	None
东方材料	东方申购	None
华阳集团	华阳集团	None
翔港科技	翔港申购	翔港转债
聚灿光电	聚灿光电	None
金逸影视	金逸影视	None
威唐工业	威唐工业	威唐转债
洛凯股份	洛凯申购	None
精研科技	精研科技	None
德生科技	德生科技	None
财通证券	财通申购	财通转债
风语筑	风语申购	风语转债
晶华新材	晶华申购	None
华森制药	华森制药	华森转债
万隆光电	万隆光电	None
金辰股份	金辰申购	None
阿科力	阿科申购	None
京华激光	京华申购	None
集泰股份	集泰股份	None
合盛硅业	合盛申购	None
泰瑞机器	泰瑞申购	None
庄园牧场	庄园牧场	None
凯伦股份	凯伦股份	None
广哈通信	广哈通信	None
永福股份	永福股份	None
英可瑞	英可瑞	None
佳力图	佳力申购	佳力转债
丽岛新材	丽岛申购	None
长盛轴承	长盛轴承	None
璞泰来	璞泰申购	None
东宏股份	东宏申购	None
振江股份	振江申购	None
国立科技	国立科技	None
贵州燃气	贵燃申购	贵燃转债
豪能股份	豪能申购	None
安达维尔	安达维尔	None
苏博特	苏特申购	None
剑桥科技	剑桥申购	None
大业股份	大业申购	大业转债
华信新材	华信新材	None
怡达股份	怡达股份	None
海川智能	海川智能	None
盘龙药业	盘龙药业	盘龙转债
珀莱雅	珀莱申购	珀莱转债
新余国科	新余国科	None
药石科技	药石科技	药石转债
一品红	一品红	一品转债
爱柯迪	爱柯申购	None
山东出版	山版申购	None
乐惠国际	乐惠申购	None
中农立华	中农申购	None
佛燃能源	佛燃股份	None
恒林股份	恒林申购	None
宏达电子	宏达电子	None
水星家纺	水星申购	None
华能水电	华能申购	None
晨丰科技	晨丰申购	晨丰转债
中新赛克	中新赛克	None
润禾材料	润禾材料	None
奥士康	奥士康	None
乐歌股份	乐歌股份	乐歌转债
香飘飘	香飘申购	None
好太太	好太申购	None
中欣氟材	中欣氟材	None
科创信息	科创信息	None
合力科技	合力申购	None
科创新源	科创新源	None
深南电路	深南电路	None
金奥博	金奥博	None
春秋电子	春秋申购	春秋转债
科华控股	科华申购	None
设研院	设研院	设研转债
巨星农牧	振静申购	巨星转债
蒙娜丽莎	蒙娜丽莎	蒙娜转债
名臣健康	名臣健康	None
德赛西威	德赛西威	None
赛腾股份	赛腾申购	None
西菱动力	西菱动力	None
中石科技	中石科技	None
光弘科技	光弘科技	None
朗博科技	朗博申购	None
新疆火炬	火炬申购	None
上海雅仕	雅仕申购	None
伊戈尔	伊戈尔	None
联诚精密	联诚精密	联诚转债
润都股份	润都股份	None
鹏鹞环保	鹏鹞环保	None
成都银行	成银申购	成银转债
招商公路	不详	招路转债
盈趣科技	盈趣科技	None
美凯龙	美凯申购	None
德邦股份	德邦申购	None
百邦科技	百华悦邦	None
南都物业	南都申购	None
万兴科技	万兴科技	万兴转债
华菱精工	华菱申购	None
科顺股份	科顺股份	None
奥飞数据	奥飞数据	奥飞转债
天永智能	天永申购	None
明阳电路	明阳电路	明电转债
淳中科技	淳中申购	淳中转债
华西证券	华西证券	None
水羊股份	御家汇	None
养元饮品	养元申购	None
嘉友国际	嘉友申购	嘉友转债
南京聚隆	南京聚隆	None
中源家居	中源申购	None
泰永长征	泰永长征	None
江苏租赁	江租申购	苏租转债
七一二	七一申购	None
润建股份	润建通信	润建转债
华宝股份	华宝股份	None
华夏航空	华夏航空	None
倍加洁	倍加申购	None
三六零	嘉捷申购	None
宏川智慧	宏川智慧	宏川转债
雪天盐业	湖盐申购	湖盐转债
彩讯股份	彩讯股份	None
锋龙股份	锋龙股份	锋龙转债
天邑股份	天邑股份	None
爱婴室	爱婴申购	None
伯特利	伯特申购	伯特转债
长城科技	长城申购	None
振德医疗	振德申购	None
沃格光电	沃格申购	None
鼎胜新材	鼎胜申购	鼎胜转债
仙鹤股份	仙鹤申购	鹤21转债
越博动力	越博动力	None
天地数码	天地数码	天地转债
文灿股份	文灿申购	文灿转债
药明康德	药明申购	None
亚普股份	亚普申购	None
深信服	深信服	None
福达合金	福达申购	None
南京证券	南证申购	None
欣锐科技	欣锐科技	None
汉嘉设计	汉嘉设计	None
科沃斯	科沃申购	科沃转债
工业富联	富联申购	None
绿色动力	绿动申购	绿动转债
宁德时代	宁德时代	None
亿嘉和	亿嘉申购	None
中信建投	建投申购	None
锐科激光	锐科激光	None
彤程新材	彤程申购	彤程转债
江苏新能	新能申购	None
芯能科技	芯能申购	None
东方环宇	环宇申购	None
密尔克卫	密尔申购	None
明德生物	明德生物	None
长飞光纤	长飞申购	None
春光科技	春光申购	None
长城军工	军工申购	None
汇得科技	汇得申购	None
捷佳伟创	捷佳伟创	None
中铝国际	中铝申购	None
康辰药业	康辰申购	None
新兴装备	新兴装备	None
捷昌驱动	捷昌申购	None
天奥电子	天奥电子	None
长沙银行	长银申购	None
永新光学	永新申购	None
雅运股份	雅运申购	None
鹏鼎控股	鹏鼎控股	None
金力永磁	金力永磁	None
郑州银行	郑州银行	None
兴瑞科技	兴瑞科技	None
丰山集团	丰山申购	None
顶固集创	顶固集创	None
天风证券	天风申购	None
迈瑞医疗	迈瑞医疗	None
长城证券	长城证券	None
蠡湖股份	蠡湖股份	None
昂利康	昂利康	None
宇信科技	宇信科技	None
新疆交建	新疆交建	交建转债
新农股份	新农股份	None
迈为股份	迈为股份	None
中国人保	人保申购	None
中贝通信	贝通申购	None
宇晶股份	宇晶股份	None
海容冷链	海容申购	None
隆利科技	隆利科技	None
紫金银行	紫银申购	紫银转债
爱朋医疗	爱朋医疗	None
华培动力	华培申购	None
利通电子	利通申购	None
青岛银行	青岛银行	None
华林证券	华林证券	None
上机数控	上机申购	上22转债
华致酒行	华致酒行	None
金马游乐	中山金马	None
罗博特科	罗博特科	None
苏州龙杰	龙杰申购	None
蔚蓝生物	蔚蓝申购	None
招商港口	不详	None
招商南油	不详	None
青岛港	青港申购	None
明阳智能	明阳申购	None
宁水集团	宁表申购	None
康龙化成	康龙化成	None
新乳业	新乳业	新乳转债
七彩化学	七彩化学	None
中国外运	不详	None
恒铭达	恒铭达	None
威尔药业	威尔申购	None
西安银行	西银申购	None
福莱特	福莱申购	None
立华股份	立华股份	None
威派格	威派申购	威派转债
华阳国际	华阳国际	华阳转债
永冠新材	永冠申购	None
青农商行	青农商行	青农转债
奥美医疗	奥美医疗	None
上海瀚讯	上海瀚讯	None
金时科技	金时科技	None
每日互动	每日互动	None
新诺威	新诺威	None
锦浪科技	锦浪科技	锦浪转债
亚世光电	亚世光电	None
震安科技	震安科技	震安转债
三美股份	三美申购	None
中创物流	中创申购	None
迪普科技	迪普科技	None
博通集成	博通申购	None
天味食品	天味申购	None
德方纳米	德方纳米	None
新媒股份	新媒股份	None
智莱科技	智莱科技	None
拉卡拉	拉卡拉	None
运达股份	运达股份	None
泉峰汽车	泉峰申购	泉峰转债
日丰股份	日丰股份	日丰转债
有友食品	有友申购	None
中简科技	中简科技	None
宝丰能源	宝丰申购	None
鸿远电子	鸿远申购	None
新城市	新城市	城市转债
鸿合科技	鸿合科技	None
三角防务	三角防务	三角转债
惠城环保	惠城环保	惠城转债
福蓉科技	福蓉申购	None
帝尔激光	帝尔激光	帝尔转债
德恩精工	德恩精工	None
元利科技	元利申购	None
松炀资源	松炀申购	None
因赛集团	因赛集团	None
红塔证券	红证申购	None
卓胜微	卓胜微	None
国茂股份	国茂申购	None
西麦食品	西麦食品	None
朗进科技	朗进科技	None
三只松鼠	三只松鼠	None
海油发展	海油申购	None
新化股份	新化申购	None
宏和科技	宏和申购	None
中国卫通	卫通申购	None
苏州银行	苏州银行	苏行转债
中信出版	中信出版	None
丸美股份	丸美申购	None
大胜达	胜达申购	胜达转债
华兴源创	华兴申购	华兴转债
睿创微纳	睿创申购	None
天准科技	天准申购	None
神马电力	神马申购	None
杭可科技	杭可申购	None
移远通信	移远申购	None
澜起科技	澜起申购	None
值得买	值得买	None
光峰科技	光峰申购	None
容百科技	容百申购	None
中国通号	通号申购	None
安集科技	安集申购	None
福光股份	福光申购	None
新光光电	新光申购	None
中微公司	中微申购	None
乐鑫科技	乐鑫申购	None
铂力特	铂力申购	None
西部超导	西部申购	None
心脉医疗	心脉申购	None
虹软科技	虹软申购	None
南微医学	南微申购	None
方邦股份	方邦申购	None
瀚川智能	瀚川申购	None
沃尔德	沃尔申购	None
天宜上佳	天宜申购	None
交控科技	交控申购	None
航天宏图	航天申购	None
嘉元科技	嘉元申购	嘉元转债
科瑞技术	科瑞技术	None
景津装备	景津申购	None
国林科技	国林环保	None
国联股份	国联申购	None
小熊电器	小熊电器	None
柯力传感	柯力申购	None
晶晨股份	晶晨申购	None
柏楚电子	柏楚申购	None
微芯生物	微芯申购	None
青鸟消防	青鸟消防	None
海星股份	海星申购	None
海能实业	海能实业	None
中国广核	中国广核	None
松霖科技	松霖申购	None
日辰股份	日辰申购	None
唐源电气	唐源电气	None
南华期货	南华申购	None
瑞达期货	瑞达期货	瑞达转债
中科软	中科申购	None
安博通	安博申购	None
五方光电	五方光电	None
科博达	科博申购	None
宇瞳光学	宇瞳光学	None
交建股份	交建申购	None
天奈科技	天奈申购	天奈转债
山石网科	山石申购	山石转债
热景生物	热景申购	None
传音控股	传音申购	None
仙乐健康	仙乐健康	仙乐转债
渝农商行	渝农申购	None
壹网壹创	壹网壹创	None
晶丰明源	晶丰申购	None
豪尔赛	豪尔赛	None
佳禾智能	佳禾智能	None
米奥会展	米奥兰特	None
八方股份	八方申购	None
祥鑫科技	祥鑫科技	祥鑫转债
贝斯美	贝斯美	None
海尔生物	海尔申购	None
申联生物	申联申购	None
麒盛科技	麒盛申购	None
赛诺医疗	赛诺申购	None
致远互联	致远申购	None
昊海生科	昊海申购	None
杰普特	杰普申购	None
钢研纳克	钢研纳克	None
锦鸡股份	锦鸡股份	锦鸡转债
宝兰德	宝兰申购	None
左江科技	左江科技	None
浙商银行	浙银申购	None
奥福环保	奥福申购	None
久日新材	久日申购	None
长阳科技	长阳申购	None
华熙生物	华熙申购	None
美迪西	美迪申购	None
博瑞医药	博瑞申购	博瑞转债
普门科技	普门申购	None
安恒信息	安恒申购	None
鸿泉物联	鸿泉申购	None
中国电研	中电申购	None
广电计量	广电计量	None
泰和科技	泰和科技	None
筑博设计	筑博设计	None
力合科技	力合科技	None
三达膜	三达申购	None
矩子科技	矩子科技	None
新大正	新大正	None
联瑞新材	联瑞申购	None
邮储银行	邮储申购	None
指南针	指南针	None
金山办公	金山申购	None
卓越新能	卓越申购	None
清溢光电	清溢申购	None
电声股份	电声股份	None
斯迪克	斯迪克	None
通达电气	通达申购	None
嘉美包装	嘉美包装	嘉美转债
久量股份	久量股份	None
迈得医疗	迈得申购	None
甬金股份	甬金申购	甬金转债
祥生医疗	祥生申购	None
华辰装备	华辰装备	None
普元信息	普元申购	None
建龙微纳	建龙申购	None
硕世生物	硕世申购	None
江苏北人	北人申购	None
卓易信息	卓易申购	None
佰仁医疗	佰仁申购	None
中科海讯	中科海讯	None
当虹科技	当虹申购	None
锐明技术	锐明技术	None
成都燃气	成燃申购	None
芯源微	芯源申购	None
嘉必优	嘉优申购	None
和远气体	和远气体	None
天迈科技	天迈科技	None
中新集团	中新申购	None
聚辰股份	聚辰申购	None
华特气体	华特申购	None
科安达	科安达	None
龙软科技	龙软申购	None
神驰机电	神驰申购	None
招商积余	不详	None
兴图新科	兴图申购	None
侨银股份	侨银环保	侨银转债
铂科新材	铂科新材	铂科转债
八亿时空	八亿申购	None
易天股份	易天股份	None
万德斯	万德申购	None
奥普家居	奥普申购	None
京沪高铁	京沪申购	None
特宝生物	特宝申购	None
威胜信息	威胜申购	None
优刻得	优得申购	None
泰林生物	泰林生物	泰林转债
洁特生物	洁特申购	None
有方科技	有方申购	None
泽璟制药	泽璟申购	None
玉禾田	玉禾田	None
东方生物	东方申购	None
斯达半导	斯达申购	None
公牛集团	公牛申购	None
瑞芯微	瑞芯申购	None
广大特材	广大申购	None
映翰通	映翰申购	None
赛特新材	赛特申购	None
博杰股份	博杰股份	博杰转债
良品铺子	良品申购	None
艾可蓝	艾可蓝	None
道通科技	道通申购	None
双飞股份	双飞股份	None
瑞松科技	瑞松申购	None
雪龙集团	雪龙申购	None
耐普矿机	耐普矿机	耐普转债
华峰测控	华峰申购	None
百奥泰	百奥申购	None
石头科技	石头申购	None
中银证券	中银申购	None
聚杰微纤	聚杰微纤	None
英杰电气	英杰电气	None
*ST紫晶	紫晶申购	None
神工股份	神工申购	None
华润微	华润申购	None
建业股份	建业申购	None
瑞玛精密	瑞玛工业	None
东岳硅材	东岳硅材	None
贝仕达克	贝仕达克	None
和顺石油	和顺申购	None
佳华科技	佳华申购	None
建科机械	建科机械	None
爱丽家居	爱丽申购	None
天箭科技	天箭科技	None
开普云	开普申购	None
南新制药	南新申购	None
安宁股份	安宁股份	None
阿尔特	阿尔特	None
京源环保	京源申购	None
三友医疗	三友申购	None
雷赛智能	雷赛智能	None
华盛昌	华盛昌	None
测绘股份	测绘股份	None
成都先导	先导申购	None
越剑智能	越剑申购	None
朝阳科技	朝阳科技	None
上能电气	上能电气	None
锐新科技	锐新科技	None
沪硅产业	沪硅申购	None
锦和商管	锦和申购	None
金丹科技	金丹科技	None
金田铜业	金田申购	金田转债
万泰生物	万泰申购	None
湘佳股份	湘佳股份	None
财富趋势	财富申购	None
芯瑞达	芯瑞达	None
北摩高科	北摩高科	None
贵州三力	三力申购	None
光云科技	光云申购	None
金现代	金现代	None
赛伍技术	赛伍申购	赛伍转债
京北方	京北方	None
派瑞股份	派瑞股份	None
长源东谷	长源申购	None
金科环境	金科申购	None
凌志软件	凌志申购	None
宇新股份	宇新股份	None
新产业	新产业	None
中泰证券	中泰申购	None
吉贝尔	吉贝申购	None
金博股份	金博申购	金博转债
晶科科技	晶科申购	晶科转债
三人行	三人申购	None
豪美新材	豪美新材	豪美转债
浩洋股份	浩洋股份	None
威奥股份	威奥申购	None
中天精装	中天精装	精装转债
奥特维	奥特申购	None
盛视科技	盛视科技	None
聚合顺	聚合申购	聚合转债
德马科技	德马申购	None
龙磁科技	龙磁科技	None
三峰环境	三峰申购	None
佰奥智能	佰奥智能	None
凯迪股份	凯迪申购	None
浙矿股份	浙矿股份	None
浙江力诺	浙江力诺	None
松井股份	松井申购	None
燕麦科技	燕麦申购	None
博汇股份	博汇股份	None
天合光能	天合申购	None
酷特智能	酷特智能	None
博汇科技	博汇申购	None
金宏气体	金科申购	None
复旦张江	复旦申购	None
神州细胞	神州申购	None
国机重装	不详	None
北鼎股份	北鼎股份	None
帝科股份	帝科股份	None
联赢激光	联赢申购	None
泽达易盛	泽达申购	None
康华生物	康华生物	None
新天绿能	新天申购	None
甘李药业	甘李申购	None
秦川物联	秦川申购	None
国盛智科	国盛申购	None
皖仪科技	皖仪申购	None
胜蓝股份	胜蓝股份	胜蓝转债
首都在线	首都在线	None
捷安高科	捷安高科	None
天智航	天智申购	None
迪威尔	迪威申购	None
中船汉光	中船汉光	None
美瑞新材	美瑞新材	None
国盾量子	国盾申购	None
中科星图	中科申购	None
锦盛新材	锦盛新材	None
国光连锁	国光申购	None
葫芦娃	葫芦申购	None
云涌科技	云涌申购	None
埃夫特	埃夫申购	None
君实生物	君实申购	None
新强联	新强联	None
*ST恒誉	恒誉申购	None
交大思诺	交大思诺	None
四会富仕	四会富仕	None
孚能科技	孚能申购	None
山大地纬	地纬申购	None
同庆楼	同庆申购	None
艾迪药业	艾迪申购	None
伟思医疗	伟思申购	None
慧辰股份	慧辰申购	None
中芯国际	中芯申购	None
寒武纪	寒武申购	None
科思股份	科思股份	None
震有科技	震有申购	None
力合微	力合申购	None
三生国健	三生申购	None
大地熊	大地申购	None
芯朋微	芯朋申购	None
申昊科技	申昊科技	申昊转债
图南股份	图南股份	None
德林海	德林申购	None
协创数据	协创数据	None
冠盛股份	冠盛申购	None
科拓生物	科拓生物	None
奇安信	奇安申购	None
沪光股份	沪光申购	None
建霖家居	建霖申购	None
力鼎光电	力鼎申购	None
爱博医疗	爱博申购	None
法狮龙	法狮申购	None
甘源食品	甘源食品	None
国联证券	国联申购	None
起帆电缆	起帆申购	起帆转债
盟升电子	盟升申购	None
江航装备	江航申购	None
宝明科技	宝明科技	None
赛科希德	赛科申购	None
晨光新材	晨光申购	None
高测股份	高测申购	None
华达新材	华达申购	None
华丰股份	华丰申购	None
天地在线	天地在线	None
西域旅游	西域旅游	None
敏芯股份	敏芯申购	None
亿华通	华通申购	None
天正电气	天正申购	None
先惠技术	先惠申购	None
仕佳光子	仕佳申购	None
康希诺	康希申购	None
奥海科技	奥海科技	None
宏柏新材	宏柏申购	None
凯赛生物	凯赛申购	None
锋尚文化	锋尚文化	None
美畅股份	美畅股份	None
复洁环保	复洁申购	None
博睿数据	博睿申购	None
南亚新材	南亚申购	None
众望布艺	众望申购	None
蓝盾光电	蓝盾光电	None
龙腾光电	龙腾申购	None
芯原股份	芯原申购	None
均瑶健康	均瑶申购	None
华光新材	华光申购	None
格林达	格林申购	None
卡倍亿	卡倍亿	卡倍转债
安克创新	安克创新	None
大宏立	大宏立	None
正帆科技	正帆申购	None
圣元环保	圣元环保	None
安必平	安平申购	None
杰美特	杰美特	None
康泰医学	康泰医学	None
南大环境	南大环境	None
欧陆通	欧陆通	None
回盛生物	回盛生物	回盛转债
长鸿高科	长鸿申购	None
天阳科技	天阳科技	None
海晨股份	海晨股份	None
蒙泰高新	蒙泰高新	None
捷强装备	捷强装备	None
键凯科技	键凯申购	None
派克新材	派克申购	None
天普股份	天普申购	None
维康药业	维康药业	None
金春股份	金春股份	None
时空科技	时空申购	None
中信博	中信申购	None
瑞晟智能	瑞晟申购	None
圣湘生物	圣湘申购	None
顺博合金	顺博合金	None
绿的谐波	绿的申购	None
苑东生物	苑东申购	None
铁科轨道	铁科申购	None
上海沿浦	沿浦申购	None
新亚强	新亚申购	None
瑞联新材	瑞联申购	None
莱伯泰科	莱伯申购	None
大叶股份	大叶股份	None
山东玻纤	玻纤申购	山玻转债
迦南智能	迦南智能	None
奥来德	奥来申购	None
盛德鑫泰	盛德鑫泰	None
固德威	固德申购	None
优彩资源	优彩资源	None
天禾股份	天禾股份	None
万胜智能	万胜智能	None
瑞鹄模具	瑞鹄模具	None
海目星	海目申购	None
华峰铝业	华峰申购	None
中谷物流	中谷申购	None
豪悦护理	豪悦申购	None
福昕软件	福昕申购	None
科威尔	科威申购	None
龙利得	龙利得	None
森麒麟	森麒麟	麒麟转债
劲仔食品	华文食品	None
中岩大地	中岩大地	None
华翔股份	华翔申购	华翔转债
立昂微	立昂申购	None
海昌新材	海昌新材	None
浙海德曼	海德申购	None
华业香料	华业香料	None
奕瑞科技	奕瑞申购	None
稳健医疗	稳健医疗	None
谱尼测试	谱尼测试	None
爱克股份	爱克股份	None
壶化股份	壶化股份	None
翔丰华	翔丰华	None
惠云钛业	惠云钛业	None
思瑞浦	思瑞申购	None
天元股份	天元股份	None
竞业达	竞业达	None
百亚股份	百亚股份	None
奥锐特	奥锐申购	None
福然德	福然申购	None
品渥食品	品渥食品	None
蓝特光学	蓝特申购	None
路德环境	路德申购	None
拱东医疗	拱东申购	None
科前生物	科前申购	None
德利股份	德利申购	None
中天火箭	中天火箭	None
松原股份	松原股份	None
新洁能	新洁申购	None
铜牛信息	铜牛信息	None
芯海科技	芯海申购	None
若羽臣	若羽臣	None
厦门银行	厦银申购	None
伟时电子	伟时申购	None
上纬新材	上纬申购	None
天臣医疗	天臣申购	None
爱美客	爱美客	None
长华股份	长华申购	None
丽人丽妆	丽人申购	None
世华科技	世华申购	None
共创草坪	共创申购	None
直真科技	直真科技	None
开普检测	开普检测	None
山科智能	山科智能	None
帅丰电器	帅丰申购	None
巴比食品	巴比申购	None
宏力达	宏力申购	None
海象新材	海象新材	None
金龙鱼	金龙鱼	None
泛亚微透	泛亚申购	None
东鹏控股	东鹏控股	None
熊猫乳品	熊猫乳品	None
上海凯鑫	上海凯鑫	None
北元集团	北元申购	None
澳弘电子	澳弘申购	None
科思科技	科思申购	None
地铁设计	地铁设计	None
日久光电	日久光电	None
东来技术	东来申购	None
阿拉丁	阿拉申购	阿拉转债
欣贺股份	欣贺股份	None
广联航空	广联航空	None
中胤时尚	中胤时尚	None
九号公司	九号申购	None
泰坦科技	泰坦申购	None
前沿生物	前沿申购	None
国安达	国安达	None
大洋生物	大洋生物	None
洪通燃气	洪通申购	None
中金公司	中金申购	None
科翔股份	科翔股份	None
豪森股份	豪森申购	None
金富科技	金富科技	None
五洲特纸	五洲申购	特纸转债
宝丽迪	宝丽迪	None
利扬芯片	利扬申购	None
金达莱	金达申购	None
步科股份	步科申购	None
日月明	日月明	None
宸展光电	宸展光电	None
狄耐克	狄耐克	None
会通股份	会通申购	None
健之佳	健之申购	None
康平科技	康平科技	None
仲景食品	仲景食品	None
汇创达	汇创达	None
中控技术	中控申购	None
立方制药	立方制药	None
明新旭腾	明新申购	明新转债
东亚药业	东亚申购	None
声迅股份	声迅股份	None
瑞丰新材	瑞丰新材	None
艾力斯	艾力申购	None
协和电子	协和申购	None
亿田智能	亿田智能	None
兰剑智能	兰剑申购	None
凯龙高科	凯龙高科	None
兆威机电	兆威机电	None
友发集团	友发申购	友发转债
新致软件	新致申购	None
联泓新科	联泓新科	None
兆龙互连	兆龙互连	None
海融科技	海融科技	None
确成股份	确成申购	None
朗特智能	朗特智能	None
博迁新材	博迁申购	None
杭华股份	杭华申购	None
欧科亿	欧科申购	None
科兴制药	科兴申购	None
彩虹集团	彩虹集团	None
思进智能	思进智能	None
西上海	西上申购	None
舒华体育	舒华申购	None
航亚科技	航亚申购	None
恒玄科技	恒玄申购	None
明微电子	明微申购	None
同兴环保	同兴环保	None
鼎通科技	鼎通申购	None
中晶科技	中晶科技	None
森林包装	森林申购	None
健麾信息	健麾申购	None
特发服务	特发服务	None
南山智尚	南山智尚	None
福立旺	福立申购	None
中伟股份	中伟股份	None
明冠新材	明冠申购	None
悦康药业	悦康申购	None
通源环境	通源申购	None
振邦智能	振邦智能	None
南凌科技	南凌科技	None
吉大正元	吉大正元	None
润阳科技	润阳科技	None
一鸣食品	一鸣申购	None
天秦装备	天秦装备	None
研奥股份	研奥股份	None
法本信息	法本信息	None
华旺科技	华旺申购	None
派能科技	派能申购	None
伟创电气	伟创申购	None
三旺通信	三旺申购	None
奥普特	奥普申购	None
火星人	火星人	None
中瓷电子	中瓷电子	None
祖名股份	祖名股份	None
西大门	西大申购	None
新亚电子	新亚申购	None
博俊科技	博俊科技	None
江天化学	江天化学	None
惠泰医疗	惠泰申购	None
东贝集团	不详	None
征和工业	征和工业	None
华安鑫创	华安鑫创	None
重庆银行	重银申购	重银转债
传智教育	传智教育	None
浩欧博	浩欧申购	None
天能股份	天能申购	None
之江生物	之江申购	None
神通科技	神通申购	None
合兴股份	合兴申购	None
南网能源	南网能源	None
华骐环保	华骐环保	None
屹通新材	屹通新材	None
通用电梯	通用电梯	None
聚石化学	聚石申购	None
海优新材	海优申购	None
银河微电	银河申购	None
三友联众	三友联众	None
中辰股份	中辰股份	None
盈建科	盈建科	None
中英科技	中英科技	None
新炬网络	新炬申购	None
药易购	药易购	None
泰坦股份	泰坦股份	None
富淼科技	富淼申购	None
优利德	优利申购	None
园林股份	园林申购	None
蓝天燃气	蓝天申购	None
迎丰股份	迎丰申购	None
康众医疗	康众申购	None
信测标准	信测标准	None
秋田微	秋田微	None
南极光	南极光	None
三和管桩	三和管桩	None
凯因科技	凯因申购	None
中国黄金	黄金申购	None
李子园	李子申购	None
华锐精密	华锐申购	None
华康股份	华康申购	None
纵横股份	纵横申购	None
四方光电	四方申购	None
创识科技	创识科技	None
易瑞生物	易瑞生物	None
春晖智控	春晖智控	None
曼卡龙	曼卡龙	None
鑫铂股份	鑫铂股份	None
恒而达	恒而达	None
太和水	太和申购	None
嵘泰股份	嵘泰申购	None
罗普特	罗普申购	None
德必集团	德必集团	None
王力安防	王力申购	None
生益电子	生益申购	None
海泰新光	海泰申购	None
冠中生态	冠中生态	None
必得科技	必得申购	None
联德股份	联德申购	None
美迪凯	美迪申购	None
极米科技	极米申购	None
上港集团	不详	None
奥雅设计	奥雅设计	None
德固特	德固特	None
顺控发展	顺控发展	None
博硕科技	博硕科技	None
海天股份	海天申购	None
永茂泰	永茂申购	None
深科达	深科申购	None
金盘科技	金盘申购	None
四方新材	四方申购	None
中望软件	中望申购	None
菱电电控	菱电申购	None
恒辉安防	恒辉安防	None
青云科技	青云申购	None
有研粉材	有研申购	None
西力科技	西力申购	None
震裕科技	震裕科技	None
楚天龙	楚天龙	None
爱科科技	爱科申购	None
同力日升	同力申购	None
长龄液压	长龄申购	None
九联科技	九联申购	None
艾隆科技	艾隆申购	None
嘉亨家化	嘉亨家化	None
英力股份	英力股份	None
奥泰生物	奥泰申购	None
星球石墨	星球申购	None
腾景科技	腾景申购	None
贝泰妮	贝泰妮	None
建工修复	建工修复	None
线上线下	线上线下	None
和林微纳	和林申购	None
龙高股份	龙高申购	None
品茗股份	品茗申购	None
通业科技	通业科技	None
翔宇医疗	翔宇申购	None
深水海纳	深水海纳	None
元琛科技	元琛申购	None
盛剑环境	盛剑申购	None
昀冢科技	昀冢申购	None
芯碁微装	芯碁申购	None
富信科技	富信申购	None
罗曼股份	罗曼申购	None
中金辐照	中金辐照	None
真爱美家	真爱美家	None
中农联合	中农联合	None
智洋创新	智洋申购	None
智明达	智明申购	None
中洲特材	中洲特材	None
科美诊断	科美申购	None
恒宇信通	恒宇信通	None
共同药业	共同药业	None
杭州柯林	柯林申购	None
莱尔科技	莱尔申购	None
野马电池	野马申购	None
诺禾致源	诺禾申购	None
晓鸣股份	晓鸣股份	None
华亚智能	华亚智能	None
新风光	风光申购	None
格林精密	格林精密	None
恒帅股份	恒帅股份	None
博亚精工	博亚精工	None
华绿生物	华绿生物	None
英利汽车	英利申购	None
万辰生物	万辰生物	None
立高食品	立高食品	None
行动教育	行动申购	None
上声电子	上声申购	None
商络电子	商络电子	None
达瑞电子	达瑞电子	None
华利集团	华利集团	None
东箭科技	东箭科技	None
深圳瑞捷	深圳瑞捷	None
祥源新材	祥源新材	None
百龙创园	百龙申购	None
德业股份	德业申购	None
信安世纪	信安申购	None
华恒生物	华恒申购	None
霍莱沃	霍莱申购	None
苏文电能	苏文电能	None
中红医疗	中红医疗	None
尤安设计	尤安设计	None
东瑞股份	东瑞股份	None
浙江新能	浙新申购	None
味知香	味香申购	None
炬申股份	炬申股份	None
华生科技	华生申购	None
正弦电气	正弦申购	None
瑞华泰	瑞华申购	None
致远新能	致远新能	None
志特新材	志特新材	None
新益昌	益昌申购	None
财达证券	财达申购	None
大中矿业	大中矿业	None
佳禾食品	佳禾申购	None
浙江自然	浙大申购	None
联测科技	联测申购	None
中际联合	中际申购	None
爱慕股份	爱慕申购	None
博众精工	博众申购	None
迅捷兴	迅捷申购	None
川网传媒	川网传媒	None
华通线缆	华通申购	None
盛航股份	盛航股份	None
明志科技	明志申购	None
迈信林	迈信申购	None
津荣天宇	津荣天宇	None
蕾奥规划	蕾奥规划	None
神农集团	神农申购	None
力源科技	力源申购	None
福莱新材	福莱申购	None
同飞股份	同飞股份	None
睿昂基因	睿昂申购	None
亚辉龙	亚辉申购	None
南侨食品	南侨申购	None
诺泰生物	诺泰申购	None
康拓医疗	康拓申购	None
依依股份	依依股份	None
三峡能源	三峡申购	None
创益通	创益通	None
电气风电	电气申购	None
奥精医疗	奥精申购	None
三孚新科	三孚申购	None
百川畅银	百川畅银	None
泰福泵业	泰福泵业	None
奇德新材	奇德新材	None
九丰能源	九丰申购	None
玉马遮阳	玉马遮阳	None
齐鲁银行	齐鲁申购	None
海程邦达	海程申购	None
东鹏饮料	东鹏申购	None
和辉光电	和辉申购	None
富春染织	富春申购	None
瑞丰银行	瑞丰申购	None
圣诺生物	圣诺申购	None
普联软件	普联软件	None
宁波方正	宁波方正	None
欢乐家	欢乐家	None
肇民科技	肇民科技	None
凯淳股份	凯淳股份	None
崧盛股份	崧盛股份	None
江苏博云	江苏博云	None
东航物流	东航申购	None
无锡振华	振华申购	None
欧林生物	欧林申购	None
呈和科技	呈和科技	None
超捷股份	超捷股份	None
迈拓股份	迈拓股份	None
皓元医药	皓元申购	None
凯立新材	凯立申购	None
博力威	博力申购	None
绿田机械	绿田申购	None
科汇股份	科汇申购	None
德迈仕	德迈仕	None
东威科技	东威申购	None
爱威科技	爱威申购	None
宏昌科技	宏昌科技	None
爱玛科技	爱玛申购	None
可靠股份	可靠股份	None
煜邦电力	煜邦申购	None
晶雪节能	晶雪节能	None
华立科技	华立科技	None
金冠电气	金冠申购	None
阳光诺和	诺和申购	None
铁建重工	铁建申购	None
联科科技	联科科技	None
世茂能源	世茂申购	None
气派科技	气派申购	None
扬电科技	扬电科技	None
华菱线缆	华菱线缆	None
纳微科技	纳微申购	None
百克生物	百克申购	None
金沃股份	金沃股份	None
力芯微	力芯申购	None
嘉益股份	嘉益股份	None
利和兴	利和兴	None
洪兴股份	洪兴股份	None
工大高科	工大申购	None
税友股份	税友申购	None
杭州热电	热电申购	None
百洋医药	百洋医药	None
咸亨国际	咸亨申购	None
威高骨科	威高申购	None
利元亨	利元申购	None
雷尔伟	雷尔伟	None
漱玉平民	漱玉平民	None
浙版传媒	浙版申购	None
航宇科技	航宇申购	None
申菱环境	申菱环境	None
宁波色母	宁波色母	None
威腾电气	威腾申购	None
密封科技	密封科技	None
英诺激光	英诺激光	None
海泰科	海泰科	None
新中港	新港申购	None
德才股份	德才申购	None
金房节能	金房节能	None
英科再生	英科申购	None
宏华数科	宏华申购	None
中集车辆	中集车辆	None
科德数控	科德申购	None
永和股份	永和申购	None
中科通达	中科申购	None
华纳药厂	华纳申购	None
江南奕帆	江南奕帆	None
读客文化	读客文化	None
倍轻松	倍轻申购	None
浩通科技	浩通科技	None
华蓝集团	华蓝集团	None
青达环保	青达申购	None
立达信	立达申购	None
东亚机械	东亚机械	None
瑞可达	瑞可申购	None
怡合达	怡合达	None
仕净科技	仕净科技	None
中熔电气	中熔电气	None
大全能源	大全申购	None
新柴股份	新柴股份	None
迈普医学	迈普医学	None
容知日新	容知申购	None
沪农商行	沪农申购	None
利柏特	利柏申购	None
和达科技	和达申购	None
唯赛勃	唯赛申购	None
润丰股份	润丰股份	None
华依科技	华依申购	None
双乐股份	双乐股份	None
保立佳	保立佳	None
深水规院	深水规院	None
天微电子	天微申购	None
正元地信	正元申购	None
金迪克	迪克申购	None
中旗新材	中旗新材	None
倍杰特	倍杰特	None
霍普股份	霍普股份	None
中环海陆	中环海陆	None
国邦医药	国邦申购	None
龙版传媒	龙版申购	None
复旦微电	复旦申购	None
久祺股份	久祺股份	None
金百泽	金百泽	None
厦钨新能	厦钨申购	None
芳源股份	芳源申购	None
中富电路	中富电路	None
圣泉集团	圣泉申购	None
长远锂科	长远申购	None
安联锐视	安联锐视	None
双枪科技	双枪科技	None
本川智能	本川智能	None
绿岛风	绿岛风	None
海天瑞声	海天申购	None
艾为电子	艾为申购	None
天禄科技	天禄科技	None
正和生态	正和申购	None
冠石科技	冠石申购	None
壹石通	壹石申购	None
能辉科技	能辉科技	None
中铁特货	中铁特货	None
格科微	格科申购	None
义翘神州	义翘神州	None
山水比德	山水比德	None
金鹰重工	金鹰重工	None
中国电信	电信申购	None
恒盛能源	恒盛申购	None
普冉股份	普冉申购	None
悦安新材	悦安申购	None
超越科技	超越科技	None
雷电微力	雷电微力	None
信濠光电	信濠光电	None
果麦文化	果麦文化	None
上海港湾	港湾申购	None
国光电气	国光申购	None
远信工业	远信工业	None
宏微科技	宏微申购	None
张小泉	张小泉	None
森赫股份	森赫股份	None
卓然股份	卓然申购	None
时代电气	时代申购	None
千味央厨	千味央厨	None
菜百股份	菜百申购	None
汇隆新材	汇隆新材	None
上海谊众	谊众申购	None
中粮工科	中粮工科	None
博拓生物	博拓申购	None
国力股份	国力申购	None
禾信仪器	禾信申购	None
金三江	金三江	None
兰卫医学	兰卫医学	None
振华新材	振华申购	None
维远股份	维远申购	None
美邦股份	美邦申购	None
上海艾录	上海艾录	None
匠心家居	匠心家居	None
卓锦股份	卓锦申购	None
中兰环保	中兰环保	None
纽威数控	纽威申购	None
海锅股份	海锅股份	None
华瓷股份	华瓷股份	None
本立科技	本立科技	None
万事利	万事利	None
显盈科技	显盈科技	None
大地海洋	大地海洋	None
凯盛新材	凯盛新材	None
开勒股份	开勒股份	None
力量钻石	力量钻石	None
中捷精工	中捷精工	None
君亭酒店	君亭酒店	None
华尔泰	华尔泰	None
多瑞医药	多瑞医药	None
丽臣实业	丽臣实业	None
盛泰集团	盛泰申购	None
春雪食品	春雪申购	None
新瀚新材	新瀚新材	None
星华反光	星华反光	None
珠海冠宇	冠宇申购	None
孩子王	孩子王	None
富吉瑞	富吉申购	None
同益中	同益申购	None
邵阳液压	邵阳液压	None
青岛食品	青岛食品	None
高铁电气	高铁申购	None
凯尔达	凯尔申购	None
百普赛斯	百普赛斯	None
严牌股份	严牌股份	None
久盛电气	久盛电气	None
德昌股份	德昌申购	None
福莱蒽特	福莱申购	None
百胜智能	百胜智能	None
中国能建	不详	None
中自科技	中自申购	None
汇宇制药	汇宇申购	None
亚康股份	亚康股份	None
可孚医疗	可孚医疗	None
鸿富瀚	鸿富瀚	None
戎美股份	戎美股份	None
中科微至	中科申购	None
拓新药业	拓新药业	None
华润材料	华润材料	None
深城交	深城交	None
新锐股份	新锐申购	None
精进电动	精进申购	None
成大生物	成大申购	None
争光股份	争光股份	None
华兰股份	华兰股份	None
运机集团	运机集团	None
瑞纳智能	瑞纳智能	None
零点有数	零点有数	None
三羊马	三羊马	None
巨一科技	巨一申购	None
力诺特玻	力诺特玻	None
隆华新材	隆华新材	None
镇洋发展	镇洋申购	None
金埔园林	金埔园林	None
诺唯赞	诺唯申购	None
安路科技	安路申购	None
澳华内镜	澳华申购	None
强瑞技术	强瑞技术	None
浙江黎明	黎明申购	None
万祥科技	万祥科技	None
灿勤科技	灿勤申购	None
恒光股份	恒光股份	None
天亿马	天亿马	None
新点软件	新点申购	None
安旭生物	安旭申购	None
盛美上海	盛美申购	None
雅创电子	雅创电子	None
鸥玛软件	鸥玛软件	None
富佳股份	富佳申购	None
金钟股份	金钟股份	None
海力风电	海力风电	None
汇绿生态	不详	None
云路股份	云路申购	None
正强股份	正强股份	None
永安期货	永安申购	None
华塑股份	华塑申购	None
炬芯科技	炬芯申购	None
鼎阳科技	鼎阳申购	None
芯导科技	芯导申购	None
诺思兰德	不详	None
同辉信息	不详	None
微创光电	不详	None
苏轴股份	不详	None
佳先股份	不详	None
丰光精密	不详	None
艾融软件	不详	None
齐鲁华信	不详	None
万通液压	不详	None
森萱医药	不详	None
润农节水	不详	None
凯添燃气	不详	None
国义招标	不详	None
海希通讯	不详	None
新安洁	不详	None
龙竹科技	不详	None
朱老六	不详	None
拾比佰	不详	None
科达自控	不详	None
浩淼科技	不详	None
创远仪器	不详	None
安徽凤凰	不详	None
禾昌聚合	不详	None
恒合股份	不详	None
志晟信息	不详	None
利通科技	不详	None
鹿得医疗	不详	None
梓橦宫	不详	None
德源药业	不详	None
星辰科技	不详	None
生物谷	不详	None
华维设计	不详	None
同心传动	不详	None
同惠电子	不详	None
德瑞锂电	不详	None
颖泰生物	不详	None
中设咨询	不详	None
泰祥股份	不详	None
翰博高新	不详	None
流金岁月	不详	None
恒拓开源	不详	None
同力股份	不详	None
三友科技	不详	None
球冠电缆	不详	None
美之高	不详	None
五新隧装	不详	None
国源科技	不详	None
贝特瑞	不详	None
云创数据	不详	None
连城数控	不详	None
殷图网联	不详	None
富士达	不详	None
数字人	不详	None
吉林碳谷	不详	None
旭杰科技	不详	None
长虹能源	不详	None
中寰股份	不详	None
中航泰达	不详	None
大唐药业	不详	None
秉扬科技	不详	None
吉冈精密	不详	None
盖世食品	不详	None
广咨国际	不详	None
汉鑫科技	不详	None
智新电子	不详	None
建邦科技	不详	None
三元基因	不详	None
德众汽车	不详	None
方大股份	不详	None
驱动力	不详	None
广脉科技	不详	None
同享科技	不详	None
广道高新	不详	None
永顺生物	不详	None
华阳变速	不详	None
大地电气	不详	None
常辅股份	不详	None
凯腾精工	不详	None
通易航天	不详	None
晶赛科技	不详	None
锦好医疗	不详	None
洁雅股份	洁雅股份	None
达嘉维康	达嘉维康	None
喜悦智行	喜悦智行	None
长江材料	长江材料	None
内蒙新华	新华申购	None
华强科技	华强申购	None
粤万年青	粤万年青	None
泽宇智能	泽宇智能	None
迈赫股份	迈赫股份	None
观想科技	观想科技	None
通灵股份	通灵股份	None
家联科技	家联科技	None
东芯股份	东芯申购	None
迪哲医药	迪哲申购	None
建研设计	建研设计	None
梦天家居	梦天申购	None
百济神州	百济申购	None
嘉和美康	嘉和申购	None
华研精机	华研精机	None
百诚医药	百诚医药	None
迪阿股份	迪阿股份	None
物产环能	物产申购	None
明月镜片	明月镜片	None
风光股份	风光股份	None
光庭信息	光庭信息	None
泰慕士	泰慕士	None
禾迈股份	禾迈申购	None
南网科技	南网申购	None
凯旺科技	凯旺科技	None
亨迪药业	亨迪药业	None
善水科技	善水科技	None
统联精密	统联申购	None
炬光科技	炬光申购	None
兰州银行	兰州银行	None
概伦电子	概伦申购	None
雅艺科技	雅艺科技	None
南模生物	南模申购	None
优宁维	优宁维	None
超达装备	超达装备	None
奥尼电子	奥尼电子	None
天源环保	天源环保	None
品高股份	品高申购	None
春立医疗	春立申购	None
中国移动	移动申购	None
汇通集团	汇通申购	None
国芯科技	国芯申购	None
亚虹医药	亚虹申购	None
唯科科技	唯科科技	None
威博液压	不详	None
招标股份	招标股份	None
星辉环材	星辉环材	None
天岳先进	天岳申购	None
创耀科技	创耀申购	None
三维天地	三维天地	None
翱捷科技	翱捷申购	None
佳缘科技	佳缘科技	None
迈威生物	迈威申购	None
益客食品	益客食品	None
德石股份	德石股份	None
诚达药业	诚达药业	None
沪江材料	不详	None
合富中国	合富申购	None
希荻微	希荻申购	None
奕东电子	奕东电子	None
万朗磁塑	万朗申购	None
晶科能源	晶科申购	None
臻镭科技	臻镭申购	None
纬德信息	纬德申购	None
采纳股份	采纳股份	None
铜冠铜箔	铜冠铜箔	None
实朴检测	实朴检测	None
百合股份	百合申购	None
华康医疗	华康医疗	None
亚信安全	亚信申购	None
东微半导	东微申购	None
三元生物	三元生物	None
骏成科技	骏成科技	None
粤海饲料	粤海饲料	None
坤恒顺维	坤恒申购	None
中触媒	中触申购	None
龙源电力	不详	None
华兰疫苗	华兰疫苗	None
标榜股份	标榜股份	None
比依股份	比依申购	None
金徽股份	金徽申购	None
西点药业	西点药业	None
大族数控	大族数控	None
威贸电子	不详	None
纽泰格	纽泰格	None
宏英智能	宏英智能	None
泓禧科技	不详	None
兴通股份	兴通申购	None
华秦科技	华秦申购	None
中汽股份	中汽股份	None
凯德石英	不详	None
赛伦生物	赛伦申购	None
浙江恒威	浙江恒威	None
华是科技	华是科技	None
万控智造	万控申购	None
青木股份	青木股份	None
思林杰	思杰申购	None
路斯股份	不详	None
高凌信息	高凌申购	None
软通动力	软通动力	None
斯瑞新材	斯瑞申购	None
格灵深瞳	格灵申购	None
莱特光电	莱特申购	None
理工导航	导航申购	None
聚赛龙	聚赛龙	None
康冠科技	康冠科技	None
腾远钴业	腾远钴业	None
立航科技	立航申购	None
何氏眼科	何氏眼科	None
哈焊华通	哈焊华通	None
华融化学	华融化学	None
和元生物	和元申购	None
均普智能	均普申购	None
克莱特	不详	None
兆讯传媒	兆讯传媒	None
首药控股	首药申购	None
和顺科技	和顺科技	None
鹿山新材	鹿山申购	None
祥明智能	祥明智能	None
富士莱	富士莱	None
万凯新材	万凯新材	None
泰恩康	泰恩康	None
仁度生物	仁度申购	None
荣昌生物	荣昌申购	None
长光华芯	长光申购	None
天益医疗	天益医疗	None
中复神鹰	神鹰申购	None
普源精电	普源申购	None
冠龙节能	冠龙节能	None
铭利达	铭利达	None
望变电气	望变申购	None
瑞德智能	瑞德智能	None
联盛化学	联盛化学	None
唯捷创芯	唯捷申购	None
海创药业	海创申购	None
军信股份	军信股份	None
金道科技	金道科技	None
七丰精工	不详	None
安达智能	安达申购	None
新特电气	新特电气	None
宏德股份	宏德股份	None
经纬恒润	恒润申购	None
英集芯	英集申购	None
拓荆科技	拓荆申购	None
峰岹科技	峰岹申购	None
国能日新	国能日新	None
杰创智能	杰创智能	None
欧圣电气	欧圣电气	None
药康生物	药康申购	None
赛微微电	赛微申购	None
嘉戎技术	嘉戎技术	None
清研环境	清研环境	None
纳芯微	纳芯申购	None
中一科技	中一科技	None
中国海油	海油申购	None
艾布鲁	艾布鲁	None
景业智能	景业申购	None
禾川科技	禾川申购	None
德龙激光	德龙申购	None
永泰运	永泰运	None
嘉环科技	嘉环申购	None
铭科精技	铭科精技	None
江苏华辰	华辰申购	None
科创新材	不详	None
中科江南	中科江南	None
里得电科	里得电科	None
阳光乳业	阳光乳业	None
联翔股份	联翔申购	None
思特威	思特申购	None
大禹生物	不详	None
云从科技	云从申购	None
普蕊斯	普蕊斯	None
骏创科技	不详	None
鑫汇科	不详	None
必易微	必易申购	None
瑜欣电子	瑜欣电子	None
东田微	东田微	None
翔楼新材	翔楼新材	None
菲菱科思	菲菱科思	None
荣亿精密	不详	None
铖昌科技	铖昌科技	None
中钢洛耐	洛耐申购	None
井松智能	井松申购	None
腾亚精工	腾亚精工	None
东利机械	东利机械	None
邦德股份	不详	None
华海清科	华海申购	None
宇邦新材	宇邦新材	None
拓山重工	拓山重工	None
观典防务	不详	None
昱能科技	昱能申购	None
灿能电力	不详	None
润贝航科	润贝航科	None
侨源股份	侨源股份	None
天润科技	不详	None
奥迪威	不详	None
瑞泰新材	瑞泰新材	None
泰德股份	不详	None
亚香股份	不详	None
三一重能	不详	None
信邦智能	不详	None
华如科技	不详	None
美农生物	美农生物	None
慕思股份	不详	None
龙芯中科	不详	None
中无人机	不详	None
